,FileName,XMin,XMax,YMin,YMax,ClassName
0,kicking_ 2_000342.jpg,655,1095,563,1000,kicking
1,kicking_ 2_000345.jpg,684,1186,576,995,kicking
2,kicking_ 2_000348.jpg,697,1240,613,991,kicking
3,kicking_ 2_000354.jpg,666,1214,611,1008,kicking
4,kicking_ 2_000361.jpg,688,1166,647,1004,kicking
5,kicking_ 2_000365.jpg,695,1116,671,1002,kicking
6,kicking_ 2_000461.jpg,601,953,597,1071,kicking
7,kicking_ 2_000464.jpg,610,995,563,1080,kicking
8,kicking_ 2_000466.jpg,623,1027,543,1080,kicking
9,kicking_ 2_000469.jpg,618,1088,547,1080,kicking
10,kicking_ 2_000471.jpg,636,1160,545,1080,kicking
11,kicking_ 2_000474.jpg,636,1221,550,1080,kicking
12,kicking_ 2_000477.jpg,599,1240,591,1076,kicking
13,kicking_ 2_000479.jpg,647,1245,589,1080,kicking
14,kicking_ 2_000482.jpg,636,1205,587,1080,kicking
15,kicking_ 2_000483.jpg,631,1203,584,1080,kicking
16,kicking_ 2_000487.jpg,612,1164,578,1080,kicking
17,kicking_ 2_000490.jpg,664,1131,619,1080,kicking
18,kicking_ 2_000494.jpg,634,1086,621,1080,kicking
19,kicking_ 2_000544.jpg,671,1112,558,993,kicking
20,kicking_ 2_000546.jpg,673,1186,563,993,kicking
21,kicking_ 2_000548.jpg,684,1255,574,997,kicking
22,kicking_ 2_000550.jpg,662,1286,569,1002,kicking
23,kicking_ 2_000552.jpg,681,1275,591,1000,kicking
24,kicking_ 2_000561.jpg,677,1138,619,995,kicking
25,kicking_ 2_000619.jpg,630,1048,602,1079,kicking
26,kicking_ 2_000624.jpg,638,1116,596,1080,kicking
27,kicking_ 2_000626.jpg,673,1161,608,1080,kicking
28,kicking_ 2_000630.jpg,669,1277,620,1080,kicking
29,kicking_ 2_000978.jpg,650,1095,608,1012,kicking
30,kicking_ 2_001046.jpg,707,1118,610,1035,kicking
31,kicking_ 2_001049.jpg,691,1203,565,1047,kicking
32,kicking_ 2_001052.jpg,691,1281,535,1053,kicking
33,kicking_ 2_001055.jpg,695,1354,459,1047,kicking
34,kicking_ 2_001060.jpg,705,1342,459,1053,kicking
35,kicking_ 2_001216.jpg,681,1048,661,1039,kicking
36,kicking_ 2_001219.jpg,681,1069,596,1043,kicking
37,kicking_ 2_001221.jpg,705,1105,610,1035,kicking
38,kicking_ 2_001224.jpg,691,1156,571,1041,kicking
39,kicking_ 2_001227.jpg,681,1236,602,1059,kicking
40,kicking_ 2_001230.jpg,709,1254,584,1055,kicking
41,kicking_ 2_001235.jpg,716,1244,600,1059,kicking
42,kicking_ 2_001238.jpg,689,1252,614,1059,kicking
43,kicking_ 2_001242.jpg,707,1230,637,1047,kicking
44,kicking_ 2_001245.jpg,697,1228,651,1061,kicking
45,kicking_ 2_001248.jpg,720,1205,659,1067,kicking
46,kicking_ 2_001297.jpg,705,1040,639,1035,kicking
47,kicking_ 2_001300.jpg,695,1061,592,1045,kicking
48,kicking_ 2_001303.jpg,695,1146,575,1053,kicking
49,kicking_ 2_001306.jpg,703,1234,569,1047,kicking
50,kicking_ 2_001309.jpg,718,1261,567,1032,kicking
51,kicking_ 2_001320.jpg,712,1287,624,1049,kicking
52,kicking_ 2_001326.jpg,712,1250,653,1051,kicking
53,kicking_ 2_001333.jpg,712,1187,690,1055,kicking
54,kicking_ 2_001386.jpg,691,1089,622,1080,kicking
55,kicking_ 2_001388.jpg,707,1173,628,1080,kicking
56,kicking_ 2_001389.jpg,705,1203,622,1080,kicking
57,kicking_ 2_001391.jpg,712,1269,630,1080,kicking
58,kicking_ 2_001393.jpg,683,1289,635,1080,kicking
59,kicking_ 2_001397.jpg,732,1303,616,1080,kicking
60,kicking_ 2_001402.jpg,701,1275,624,1080,kicking
61,kicking_ 2_001409.jpg,683,1234,628,1080,kicking
62,kicking_ 2_001412.jpg,742,1220,649,1080,kicking
63,kicking_ 2_001415.jpg,714,1177,643,1080,kicking
64,kicking_ 2_001419.jpg,716,1130,641,1080,kicking
65,kicking_ 2_001422.jpg,689,1093,635,1080,kicking
66,kicking_ 2_001491.jpg,632,1122,598,1080,kicking
67,kicking_ 2_001493.jpg,673,1203,608,1080,kicking
68,kicking_ 2_001494.jpg,699,1240,598,1080,kicking
69,kicking_ 2_001496.jpg,681,1281,608,1080,kicking
70,kicking_ 2_001498.jpg,705,1295,590,1080,kicking
71,kicking_ 2_001500.jpg,691,1303,596,1080,kicking
72,kicking_ 2_001501.jpg,716,1322,606,1080,kicking
73,kicking_ 2_001503.jpg,699,1305,579,1080,kicking
74,kicking_ 2_001505.jpg,667,1283,608,1080,kicking
75,kicking_ 2_001510.jpg,707,1224,630,1080,kicking
76,kicking_ 2_001514.jpg,695,1195,645,1080,kicking
77,kicking_ 2_001521.jpg,669,1150,632,1080,kicking
78,kicking_ 2_001581.jpg,695,1050,614,1080,kicking
79,kicking_ 2_001584.jpg,669,1126,575,1080,kicking
80,kicking_ 2_001588.jpg,722,1224,581,1080,kicking
81,kicking_ 2_001591.jpg,732,1281,608,1079,kicking
82,kicking_ 2_001594.jpg,732,1279,616,1045,kicking
83,kicking_ 2_001597.jpg,724,1252,635,1080,kicking
84,kicking_ 2_001601.jpg,701,1212,639,1080,kicking
85,kicking_ 2_001605.jpg,687,1150,659,1080,kicking
86,kicking_ 2_001751.jpg,740,1097,622,1049,kicking
87,kicking_ 2_001753.jpg,714,1122,618,1026,kicking
88,kicking_ 2_001756.jpg,728,1224,622,1041,kicking
89,kicking_ 2_001758.jpg,720,1256,657,1045,kicking
90,kicking_ 2_001760.jpg,740,1275,669,1039,kicking
91,kicking_ 2_001763.jpg,728,1285,665,1043,kicking
92,kicking_ 2_001767.jpg,742,1238,669,1047,kicking
93,kicking_ 2_001770.jpg,705,1236,671,1055,kicking
94,kicking_ 2_001774.jpg,736,1167,688,1063,kicking
95,kicking_ 2_001833.jpg,697,1128,598,1080,kicking
96,kicking_ 2_001836.jpg,718,1193,596,1080,kicking
97,kicking_ 2_001838.jpg,724,1244,600,1080,kicking
98,kicking_ 2_001841.jpg,701,1312,618,1080,kicking
99,kicking_ 2_001844.jpg,699,1320,622,1080,kicking
100,kicking_ 2_001848.jpg,695,1279,608,1080,kicking
101,kicking_ 2_001851.jpg,661,1254,608,1080,kicking
102,kicking_ 2_001855.jpg,730,1185,626,1080,kicking
103,kicking_ 2_001859.jpg,697,1156,635,1080,kicking
104,kicking_ 2_001924.jpg,689,1069,655,1080,kicking
105,kicking_ 2_001928.jpg,712,1097,598,1047,kicking
106,kicking_ 2_001930.jpg,720,1124,604,1030,kicking
107,kicking_ 2_001932.jpg,716,1148,592,1041,kicking
108,kicking_ 2_001935.jpg,730,1195,606,1028,kicking
109,kicking_ 2_001938.jpg,728,1242,624,1026,kicking
110,kicking_ 2_001941.jpg,734,1277,624,1030,kicking
111,kicking_ 2_001953.jpg,730,1193,647,1030,kicking
112,kicking_ 2_001958.jpg,714,1140,659,1030,kicking
113,kicking_ 2_001963.jpg,714,1103,671,1026,kicking
114,kicking_ 2_002036.jpg,728,1118,586,1080,kicking
115,kicking_ 2_002042.jpg,703,1209,579,1080,kicking
116,kicking_ 2_002046.jpg,703,1303,610,1080,kicking
117,kicking_ 2_002049.jpg,669,1330,618,1080,kicking
118,kicking_ 2_002059.jpg,726,1216,596,1080,kicking
119,kicking_ 2_002069.jpg,675,1126,602,1080,kicking
120,kicking_ 2_002078.jpg,665,1091,604,1080,kicking
121,kicking_ 2_002084.jpg,693,1132,630,1080,kicking
122,kicking_ 2_002133.jpg,728,1073,663,1016,kicking
123,kicking_ 2_002137.jpg,730,1087,604,1014,kicking
124,kicking_ 2_002142.jpg,750,1132,555,1014,kicking
125,kicking_ 2_002148.jpg,724,1197,561,1014,kicking
126,kicking_ 2_002151.jpg,748,1256,596,1020,kicking
127,kicking_ 2_002154.jpg,752,1297,604,1026,kicking
128,kicking_ 2_002158.jpg,742,1305,624,1024,kicking
129,kicking_ 2_002237.jpg,720,1107,590,1075,kicking
130,kicking_ 2_002243.jpg,718,1134,541,1080,kicking
131,kicking_ 2_002248.jpg,669,1226,514,1080,kicking
132,kicking_ 2_002251.jpg,716,1309,563,1080,kicking
133,kicking_ 2_002254.jpg,701,1324,551,1080,kicking
134,kicking_ 2_002257.jpg,722,1324,579,1080,kicking
135,kicking_ 2_002264.jpg,683,1285,579,1077,kicking
136,kicking_ 2_002270.jpg,707,1234,590,1080,kicking
137,kicking_ 2_002275.jpg,701,1175,612,1075,kicking
138,kicking_ 2_002330.jpg,748,1122,569,994,kicking
139,kicking_ 2_002332.jpg,736,1142,522,1008,kicking
140,kicking_ 2_002335.jpg,742,1197,502,1008,kicking
141,kicking_ 2_002338.jpg,740,1271,522,981,kicking
142,kicking_ 2_002341.jpg,724,1336,526,988,kicking
143,kicking_ 2_002344.jpg,726,1346,522,988,kicking
144,kicking_ 2_002351.jpg,720,1301,581,981,kicking
145,kicking_ 2_002360.jpg,724,1248,618,979,kicking
146,kicking_ 2_002419.jpg,683,1087,584,1080,kicking
147,kicking_ 2_002425.jpg,720,1132,547,1077,kicking
148,kicking_ 2_002431.jpg,709,1201,514,1080,kicking
149,kicking_ 2_002436.jpg,709,1248,530,1080,kicking
150,kicking_ 2_002439.jpg,701,1307,539,1080,kicking
151,kicking_ 2_002442.jpg,685,1354,559,1080,kicking
152,kicking_ 2_002447.jpg,726,1299,569,1080,kicking
153,kicking_ 2_002516.jpg,697,1081,581,1020,kicking
154,kicking_ 2_002521.jpg,714,1189,532,1024,kicking
155,kicking_ 2_002524.jpg,703,1269,563,1000,kicking
156,kicking_ 2_002527.jpg,714,1289,537,1002,kicking
157,kicking_ 2_002530.jpg,697,1287,539,1014,kicking
158,kicking_ 2_002532.jpg,703,1305,561,1016,kicking
159,kicking_ 2_002535.jpg,732,1254,584,992,kicking
160,kicking_ 2_002538.jpg,730,1236,590,1016,kicking
161,kicking_ 2_002541.jpg,712,1205,630,1016,kicking
162,kicking_ 2_002608.jpg,742,1189,571,1077,kicking
163,kicking_ 2_002613.jpg,736,1312,606,1080,kicking
164,kicking_ 2_002618.jpg,728,1344,590,1080,kicking
165,kicking_ 2_002626.jpg,730,1338,600,1080,kicking
166,kicking_ 2_002639.jpg,697,1189,604,1080,kicking
167,kicking_ 2_002709.jpg,801,1152,620,1024,kicking
168,kicking_ 2_002712.jpg,803,1201,586,1032,kicking
169,kicking_ 2_002715.jpg,805,1240,586,1016,kicking
170,lockpicking_ 1_000107.jpg,777,1115,403,809,lockpicking
171,lockpicking_ 1_000108.jpg,717,1143,403,795,lockpicking
172,lockpicking_ 1_000109.jpg,729,1105,401,777,lockpicking
173,lockpicking_ 1_000110.jpg,717,1127,393,803,lockpicking
174,lockpicking_ 1_000111.jpg,715,1129,389,789,lockpicking
175,lockpicking_ 1_000112.jpg,695,1159,371,783,lockpicking
176,lockpicking_ 1_000113.jpg,707,1113,375,799,lockpicking
177,lockpicking_ 1_000114.jpg,691,1117,375,791,lockpicking
178,lockpicking_ 1_000115.jpg,655,1133,379,799,lockpicking
179,lockpicking_ 1_000116.jpg,687,1113,375,795,lockpicking
180,lockpicking_ 1_000117.jpg,695,1123,379,799,lockpicking
181,lockpicking_ 1_000118.jpg,645,1113,375,815,lockpicking
182,lockpicking_ 1_000119.jpg,663,1111,373,785,lockpicking
183,lockpicking_ 1_000120.jpg,693,1121,369,791,lockpicking
184,lockpicking_ 1_000121.jpg,615,1111,369,781,lockpicking
185,lockpicking_ 1_000122.jpg,723,1113,377,783,lockpicking
186,lockpicking_ 1_000123.jpg,685,1111,369,781,lockpicking
187,lockpicking_ 1_000124.jpg,703,1117,359,777,lockpicking
188,lockpicking_ 1_000125.jpg,681,1111,371,769,lockpicking
189,lockpicking_ 1_000126.jpg,723,1109,377,767,lockpicking
190,lockpicking_ 1_000127.jpg,703,1117,359,765,lockpicking
191,lockpicking_ 1_000128.jpg,705,1115,363,763,lockpicking
192,lockpicking_ 1_000129.jpg,703,1113,353,763,lockpicking
193,lockpicking_ 1_000130.jpg,715,1111,375,769,lockpicking
194,lockpicking_ 1_000131.jpg,731,1113,357,761,lockpicking
195,lockpicking_ 1_000132.jpg,707,1127,375,777,lockpicking
196,lockpicking_ 1_000133.jpg,743,1109,379,775,lockpicking
197,lockpicking_ 1_000134.jpg,707,1111,381,755,lockpicking
198,lockpicking_ 1_000135.jpg,707,1119,379,755,lockpicking
199,lockpicking_ 1_000136.jpg,701,1117,375,761,lockpicking
200,lockpicking_ 1_000137.jpg,723,1119,379,759,lockpicking
201,lockpicking_ 1_000138.jpg,695,1113,377,757,lockpicking
202,lockpicking_ 1_000139.jpg,731,1105,381,761,lockpicking
203,lockpicking_ 1_000140.jpg,743,1111,377,765,lockpicking
204,lockpicking_ 1_000141.jpg,731,1109,379,761,lockpicking
205,lockpicking_ 1_000142.jpg,749,1113,375,763,lockpicking
206,lockpicking_ 1_000143.jpg,747,1111,373,763,lockpicking
207,lockpicking_ 1_000144.jpg,759,1117,379,759,lockpicking
208,lockpicking_ 1_000145.jpg,735,1115,357,763,lockpicking
209,lockpicking_ 1_000146.jpg,763,1111,363,759,lockpicking
210,lockpicking_ 1_000147.jpg,763,1109,373,759,lockpicking
211,lockpicking_ 1_000148.jpg,767,1113,373,761,lockpicking
212,lockpicking_ 1_000149.jpg,763,1115,371,761,lockpicking
213,lockpicking_ 1_000150.jpg,759,1113,377,755,lockpicking
214,lockpicking_ 1_000151.jpg,761,1115,367,757,lockpicking
215,lockpicking_ 1_000152.jpg,761,1125,357,755,lockpicking
216,lockpicking_ 1_000153.jpg,765,1117,357,755,lockpicking
217,lockpicking_ 1_000154.jpg,755,1109,369,753,lockpicking
218,lockpicking_ 1_000155.jpg,753,1115,369,751,lockpicking
219,lockpicking_ 1_000156.jpg,767,1113,371,757,lockpicking
220,lockpicking_ 1_000157.jpg,771,1115,367,749,lockpicking
221,lockpicking_ 1_000158.jpg,759,1115,367,753,lockpicking
222,lockpicking_ 1_000610.jpg,679,1099,277,683,lockpicking
223,lockpicking_ 1_000611.jpg,665,1125,271,699,lockpicking
224,lockpicking_ 1_000612.jpg,667,1109,271,701,lockpicking
225,lockpicking_ 1_000613.jpg,691,1119,265,691,lockpicking
226,lockpicking_ 1_000614.jpg,673,1105,273,711,lockpicking
227,lockpicking_ 1_000615.jpg,685,1117,277,701,lockpicking
228,lockpicking_ 1_000616.jpg,649,1105,273,703,lockpicking
229,lockpicking_ 1_000617.jpg,689,1111,273,707,lockpicking
230,lockpicking_ 1_000618.jpg,673,1113,267,717,lockpicking
231,lockpicking_ 1_000619.jpg,699,1105,269,709,lockpicking
232,lockpicking_ 1_000620.jpg,665,1111,273,699,lockpicking
233,lockpicking_ 1_000621.jpg,695,1111,271,705,lockpicking
234,lockpicking_ 1_000622.jpg,691,1117,283,697,lockpicking
235,lockpicking_ 1_000623.jpg,691,1117,283,687,lockpicking
236,lockpicking_ 1_000624.jpg,691,1109,291,681,lockpicking
237,lockpicking_ 1_000625.jpg,659,1115,293,673,lockpicking
238,lockpicking_ 1_000626.jpg,657,1121,299,681,lockpicking
239,lockpicking_ 1_000627.jpg,703,1125,303,643,lockpicking
240,lockpicking_ 1_000686.jpg,689,1121,309,693,lockpicking
241,lockpicking_ 1_000687.jpg,685,1121,301,693,lockpicking
242,lockpicking_ 1_000688.jpg,697,1119,311,679,lockpicking
243,lockpicking_ 1_000689.jpg,693,1125,313,675,lockpicking
244,lockpicking_ 1_000690.jpg,693,1119,303,691,lockpicking
245,lockpicking_ 1_000691.jpg,693,1121,301,675,lockpicking
246,lockpicking_ 1_000692.jpg,687,1127,313,667,lockpicking
247,lockpicking_ 1_000693.jpg,693,1121,307,665,lockpicking
248,lockpicking_ 1_000694.jpg,685,1125,317,673,lockpicking
249,lockpicking_ 1_000695.jpg,707,1131,307,671,lockpicking
250,lockpicking_ 1_000696.jpg,707,1129,299,687,lockpicking
251,lockpicking_ 1_000697.jpg,709,1119,311,675,lockpicking
252,lockpicking_ 1_000698.jpg,699,1121,317,687,lockpicking
253,lockpicking_ 1_000699.jpg,711,1125,311,679,lockpicking
254,lockpicking_ 1_000700.jpg,699,1119,307,675,lockpicking
255,lockpicking_ 1_000701.jpg,701,1113,311,683,lockpicking
256,lockpicking_ 1_000702.jpg,699,1131,313,683,lockpicking
257,lockpicking_ 1_000703.jpg,683,1119,307,691,lockpicking
258,lockpicking_ 1_000704.jpg,713,1127,311,701,lockpicking
259,lockpicking_ 1_000705.jpg,699,1129,307,685,lockpicking
260,lockpicking_ 1_000706.jpg,717,1127,297,687,lockpicking
261,lockpicking_ 1_000707.jpg,713,1129,303,697,lockpicking
262,lockpicking_ 1_000708.jpg,723,1123,305,699,lockpicking
263,lockpicking_ 1_000709.jpg,703,1123,305,691,lockpicking
264,lockpicking_ 1_000710.jpg,719,1127,289,691,lockpicking
265,lockpicking_ 1_000711.jpg,671,1133,297,693,lockpicking
266,lockpicking_ 1_000712.jpg,697,1129,301,695,lockpicking
267,lockpicking_ 1_000713.jpg,717,1121,297,685,lockpicking
268,lockpicking_ 1_000714.jpg,675,1137,299,697,lockpicking
269,lockpicking_ 1_000715.jpg,705,1133,285,691,lockpicking
270,lockpicking_ 1_000716.jpg,679,1157,295,683,lockpicking
271,lockpicking_ 1_000717.jpg,705,1143,277,677,lockpicking
272,lockpicking_ 1_000718.jpg,721,1147,279,693,lockpicking
273,lockpicking_ 1_000942.jpg,739,1129,265,665,lockpicking
274,lockpicking_ 1_000943.jpg,753,1141,271,661,lockpicking
275,lockpicking_ 1_000944.jpg,747,1133,269,663,lockpicking
276,lockpicking_ 1_000945.jpg,763,1137,263,665,lockpicking
277,lockpicking_ 1_000946.jpg,747,1153,271,659,lockpicking
278,lockpicking_ 1_000947.jpg,749,1137,275,661,lockpicking
279,lockpicking_ 1_000948.jpg,759,1139,269,669,lockpicking
280,lockpicking_ 1_000949.jpg,723,1159,271,669,lockpicking
281,lockpicking_ 1_000950.jpg,753,1137,261,687,lockpicking
282,lockpicking_ 1_000951.jpg,773,1131,261,679,lockpicking
283,lockpicking_ 1_000952.jpg,761,1135,263,687,lockpicking
284,lockpicking_ 1_000953.jpg,777,1143,253,681,lockpicking
285,lockpicking_ 1_000954.jpg,743,1133,275,689,lockpicking
286,lockpicking_ 1_000955.jpg,759,1141,261,681,lockpicking
287,lockpicking_ 1_000956.jpg,761,1139,261,685,lockpicking
288,lockpicking_ 1_000957.jpg,761,1139,249,677,lockpicking
289,lockpicking_ 1_000958.jpg,761,1147,247,683,lockpicking
290,lockpicking_ 1_000959.jpg,763,1159,255,691,lockpicking
291,lockpicking_ 1_000960.jpg,739,1157,269,687,lockpicking
292,lockpicking_ 1_000961.jpg,759,1145,267,705,lockpicking
293,lockpicking_ 1_000962.jpg,753,1159,265,683,lockpicking
294,lockpicking_ 1_000963.jpg,747,1179,271,699,lockpicking
295,lockpicking_ 1_000964.jpg,779,1157,283,699,lockpicking
296,lockpicking_ 1_000965.jpg,747,1191,273,723,lockpicking
297,lockpicking_ 1_000966.jpg,757,1197,283,681,lockpicking
298,lockpicking_ 1_000967.jpg,751,1163,285,687,lockpicking
299,lockpicking_ 1_000968.jpg,771,1163,287,693,lockpicking
300,lockpicking_ 1_000969.jpg,761,1165,277,685,lockpicking
301,lockpicking_ 1_000970.jpg,747,1173,273,699,lockpicking
302,lockpicking_ 1_000971.jpg,755,1163,265,685,lockpicking
303,lockpicking_ 1_000972.jpg,767,1169,281,675,lockpicking
304,lockpicking_ 1_000973.jpg,759,1169,283,685,lockpicking
305,lockpicking_ 1_000974.jpg,779,1163,295,673,lockpicking
306,lockpicking_ 1_000975.jpg,757,1165,281,669,lockpicking
307,lockpicking_ 1_000976.jpg,787,1159,283,671,lockpicking
308,lockpicking_ 1_000977.jpg,743,1155,285,673,lockpicking
309,lockpicking_ 1_000978.jpg,765,1161,295,669,lockpicking
310,lockpicking_ 1_000979.jpg,743,1167,299,679,lockpicking
311,lockpicking_ 1_000980.jpg,729,1177,305,675,lockpicking
312,lockpicking_ 1_000981.jpg,743,1161,307,681,lockpicking
313,lockpicking_ 1_000982.jpg,759,1161,307,681,lockpicking
314,lockpicking_ 1_000983.jpg,761,1157,335,679,lockpicking
315,lockpicking_ 1_000984.jpg,755,1177,321,699,lockpicking
316,lockpicking_ 1_000985.jpg,753,1169,303,699,lockpicking
317,lockpicking_ 1_000986.jpg,747,1167,307,705,lockpicking
318,lockpicking_ 1_000987.jpg,733,1169,311,707,lockpicking
319,lockpicking_ 1_000988.jpg,741,1171,301,709,lockpicking
320,lockpicking_ 1_000989.jpg,767,1167,309,705,lockpicking
321,lockpicking_ 1_000990.jpg,753,1177,319,725,lockpicking
322,lockpicking_ 1_001433.jpg,711,1117,309,757,lockpicking
323,lockpicking_ 1_001434.jpg,739,1113,317,741,lockpicking
324,lockpicking_ 1_001435.jpg,731,1103,327,741,lockpicking
325,lockpicking_ 1_001436.jpg,731,1095,335,739,lockpicking
326,lockpicking_ 1_001437.jpg,755,1105,327,747,lockpicking
327,lockpicking_ 1_001438.jpg,765,1093,319,737,lockpicking
328,lockpicking_ 1_001439.jpg,771,1091,323,731,lockpicking
329,lockpicking_ 1_001440.jpg,761,1089,319,741,lockpicking
330,lockpicking_ 1_001441.jpg,767,1099,305,743,lockpicking
331,lockpicking_ 1_001442.jpg,773,1103,313,753,lockpicking
332,lockpicking_ 1_001443.jpg,769,1115,317,743,lockpicking
333,lockpicking_ 1_001444.jpg,747,1099,309,759,lockpicking
334,lockpicking_ 1_001445.jpg,757,1097,311,735,lockpicking
335,lockpicking_ 1_001446.jpg,741,1097,303,737,lockpicking
336,lockpicking_ 1_001447.jpg,751,1101,313,739,lockpicking
337,lockpicking_ 1_001448.jpg,735,1099,311,731,lockpicking
338,lockpicking_ 1_001449.jpg,745,1109,325,727,lockpicking
339,lockpicking_ 1_001450.jpg,741,1111,317,713,lockpicking
340,lockpicking_ 1_001451.jpg,741,1093,307,733,lockpicking
341,lockpicking_ 1_001452.jpg,745,1105,319,741,lockpicking
342,lockpicking_ 1_001453.jpg,759,1113,321,733,lockpicking
343,lockpicking_ 1_001454.jpg,775,1111,311,733,lockpicking
344,lockpicking_ 1_001455.jpg,757,1105,295,741,lockpicking
345,lockpicking_ 1_001456.jpg,741,1115,299,737,lockpicking
346,lockpicking_ 1_001457.jpg,725,1105,307,727,lockpicking
347,lockpicking_ 1_001458.jpg,735,1103,305,729,lockpicking
348,lockpicking_ 1_001459.jpg,761,1099,307,731,lockpicking
349,lockpicking_ 1_001460.jpg,731,1103,325,723,lockpicking
350,lockpicking_ 1_001461.jpg,751,1105,311,719,lockpicking
351,lockpicking_ 1_001462.jpg,747,1097,311,733,lockpicking
352,lockpicking_ 1_001463.jpg,737,1097,303,725,lockpicking
353,lockpicking_ 1_001464.jpg,743,1109,315,739,lockpicking
354,lockpicking_ 1_001465.jpg,725,1103,311,733,lockpicking
355,lockpicking_ 1_001466.jpg,747,1097,317,733,lockpicking
356,lockpicking_ 1_001467.jpg,697,1107,319,737,lockpicking
357,lockpicking_ 1_001468.jpg,723,1107,317,739,lockpicking
358,lockpicking_ 1_001469.jpg,721,1109,307,739,lockpicking
359,lockpicking_ 1_001470.jpg,755,1107,321,733,lockpicking
360,lockpicking_ 1_001471.jpg,751,1111,301,741,lockpicking
361,lockpicking_ 1_001472.jpg,753,1107,319,733,lockpicking
362,lockpicking_ 1_001473.jpg,741,1095,317,733,lockpicking
363,lockpicking_ 1_001474.jpg,735,1111,301,751,lockpicking
364,lockpicking_ 1_001475.jpg,727,1107,309,733,lockpicking
365,lockpicking_ 1_001476.jpg,747,1113,325,739,lockpicking
366,lockpicking_ 1_001477.jpg,755,1107,325,743,lockpicking
367,lockpicking_ 1_001478.jpg,749,1105,319,731,lockpicking
368,lockpicking_ 1_001479.jpg,767,1105,331,737,lockpicking
369,lockpicking_ 1_001480.jpg,755,1117,315,727,lockpicking
370,lockpicking_ 1_001481.jpg,775,1105,317,729,lockpicking
371,lockpicking_ 1_001482.jpg,737,1103,331,739,lockpicking
372,lockpicking_ 2_000614.jpg,741,1099,607,1016,lockpicking
373,lockpicking_ 2_000615.jpg,755,1071,603,1013,lockpicking
374,lockpicking_ 2_000616.jpg,751,1065,617,1013,lockpicking
375,lockpicking_ 2_000617.jpg,743,1051,609,1011,lockpicking
376,lockpicking_ 2_000618.jpg,753,1083,613,1005,lockpicking
377,lockpicking_ 2_000619.jpg,737,1065,613,1021,lockpicking
378,lockpicking_ 2_000620.jpg,735,1063,605,1021,lockpicking
379,lockpicking_ 2_000621.jpg,745,1047,607,1021,lockpicking
380,lockpicking_ 2_000622.jpg,743,1091,607,1015,lockpicking
381,lockpicking_ 2_000623.jpg,735,1071,599,1025,lockpicking
382,lockpicking_ 2_000624.jpg,733,1105,605,1015,lockpicking
383,lockpicking_ 2_000625.jpg,685,1083,575,1009,lockpicking
384,lockpicking_ 2_000626.jpg,719,1103,623,1007,lockpicking
385,lockpicking_ 2_000627.jpg,709,1099,593,1037,lockpicking
386,lockpicking_ 2_000628.jpg,731,1065,589,1021,lockpicking
387,lockpicking_ 2_000629.jpg,717,1067,575,1015,lockpicking
388,lockpicking_ 2_000630.jpg,727,1059,585,1005,lockpicking
389,lockpicking_ 2_000631.jpg,705,1041,583,1001,lockpicking
390,lockpicking_ 2_000632.jpg,711,1073,593,999,lockpicking
391,lockpicking_ 2_000633.jpg,725,1051,597,1009,lockpicking
392,lockpicking_ 2_000634.jpg,725,1035,573,1001,lockpicking
393,lockpicking_ 2_000635.jpg,721,1043,591,995,lockpicking
394,lockpicking_ 2_000636.jpg,729,1045,593,1001,lockpicking
395,lockpicking_ 2_000637.jpg,713,1035,581,985,lockpicking
396,lockpicking_ 2_000638.jpg,713,1041,571,991,lockpicking
397,lockpicking_ 2_000639.jpg,705,1057,587,985,lockpicking
398,lockpicking_ 2_000640.jpg,723,1051,617,1019,lockpicking
399,lockpicking_ 2_000641.jpg,663,1045,545,989,lockpicking
400,lockpicking_ 2_000642.jpg,715,1045,579,1005,lockpicking
401,lockpicking_ 2_000643.jpg,715,1055,595,985,lockpicking
402,lockpicking_ 2_000644.jpg,691,1039,573,1001,lockpicking
403,lockpicking_ 2_000645.jpg,707,1023,575,1001,lockpicking
404,lockpicking_ 2_000646.jpg,699,1053,597,997,lockpicking
405,lockpicking_ 2_000647.jpg,697,1045,581,985,lockpicking
406,lockpicking_ 2_000648.jpg,711,1033,589,981,lockpicking
407,lockpicking_ 2_000649.jpg,705,1051,601,981,lockpicking
408,lockpicking_ 2_000650.jpg,709,1031,589,989,lockpicking
409,lockpicking_ 2_000651.jpg,705,1007,577,973,lockpicking
410,lockpicking_ 2_000652.jpg,697,1023,585,953,lockpicking
411,lockpicking_ 2_000653.jpg,695,1025,595,975,lockpicking
412,lockpicking_ 2_000654.jpg,695,1023,575,987,lockpicking
413,lockpicking_ 2_000655.jpg,677,1041,585,979,lockpicking
414,lockpicking_ 2_000656.jpg,689,1035,579,979,lockpicking
415,lockpicking_ 2_000657.jpg,677,1023,565,973,lockpicking
416,lockpicking_ 2_000658.jpg,689,1017,569,975,lockpicking
417,lockpicking_ 2_000659.jpg,683,1033,567,971,lockpicking
418,lockpicking_ 2_000660.jpg,687,1023,571,987,lockpicking
419,lockpicking_ 2_000661.jpg,657,1033,561,979,lockpicking
420,lockpicking_ 2_000662.jpg,663,1017,569,991,lockpicking
421,lockpicking_ 2_000663.jpg,669,1027,561,973,lockpicking
422,lockpicking_ 2_000664.jpg,685,1013,557,969,lockpicking
423,lockpicking_ 2_001104.jpg,713,1123,463,841,lockpicking
424,lockpicking_ 2_001105.jpg,755,1131,463,869,lockpicking
425,lockpicking_ 2_001106.jpg,761,1123,461,845,lockpicking
426,lockpicking_ 2_001107.jpg,759,1117,439,867,lockpicking
427,lockpicking_ 2_001108.jpg,769,1121,473,851,lockpicking
428,lockpicking_ 2_001109.jpg,767,1133,473,855,lockpicking
429,lockpicking_ 2_001110.jpg,769,1117,465,859,lockpicking
430,lockpicking_ 2_001111.jpg,769,1123,471,869,lockpicking
431,lockpicking_ 2_001112.jpg,757,1125,457,857,lockpicking
432,lockpicking_ 2_001113.jpg,763,1127,473,857,lockpicking
433,lockpicking_ 2_001114.jpg,739,1123,469,853,lockpicking
434,lockpicking_ 2_001115.jpg,757,1125,477,853,lockpicking
435,lockpicking_ 2_001116.jpg,763,1131,459,861,lockpicking
436,lockpicking_ 2_001117.jpg,751,1129,473,859,lockpicking
437,lockpicking_ 2_001118.jpg,775,1131,471,855,lockpicking
438,lockpicking_ 2_001119.jpg,787,1137,465,861,lockpicking
439,lockpicking_ 2_001120.jpg,769,1137,469,859,lockpicking
440,lockpicking_ 2_001121.jpg,781,1133,489,859,lockpicking
441,lockpicking_ 2_001122.jpg,773,1125,475,863,lockpicking
442,lockpicking_ 2_001123.jpg,789,1131,477,851,lockpicking
443,lockpicking_ 2_001124.jpg,765,1135,487,857,lockpicking
444,lockpicking_ 2_001125.jpg,797,1123,479,855,lockpicking
445,lockpicking_ 2_001126.jpg,781,1129,479,849,lockpicking
446,lockpicking_ 2_001127.jpg,785,1127,475,861,lockpicking
447,lockpicking_ 2_001128.jpg,759,1131,477,855,lockpicking
448,lockpicking_ 2_001129.jpg,761,1131,487,845,lockpicking
449,lockpicking_ 2_001130.jpg,777,1129,477,843,lockpicking
450,lockpicking_ 2_001131.jpg,771,1129,481,849,lockpicking
451,lockpicking_ 2_001132.jpg,777,1135,479,851,lockpicking
452,lockpicking_ 2_001133.jpg,777,1127,469,843,lockpicking
453,lockpicking_ 2_001134.jpg,775,1119,479,843,lockpicking
454,lockpicking_ 2_001135.jpg,789,1117,487,837,lockpicking
455,lockpicking_ 2_001136.jpg,777,1121,477,853,lockpicking
456,lockpicking_ 2_001137.jpg,757,1137,469,841,lockpicking
457,lockpicking_ 2_001138.jpg,775,1133,481,845,lockpicking
458,lockpicking_ 2_001139.jpg,765,1115,469,841,lockpicking
459,lockpicking_ 2_001140.jpg,789,1121,471,847,lockpicking
460,lockpicking_ 2_001141.jpg,783,1123,473,839,lockpicking
461,lockpicking_ 2_001142.jpg,771,1131,481,841,lockpicking
462,lockpicking_ 2_001143.jpg,765,1115,473,839,lockpicking
463,lockpicking_ 2_001144.jpg,765,1111,471,843,lockpicking
464,lockpicking_ 2_001145.jpg,769,1113,467,841,lockpicking
465,lockpicking_ 2_001146.jpg,775,1107,465,841,lockpicking
466,lockpicking_ 2_001147.jpg,757,1101,465,839,lockpicking
467,lockpicking_ 2_001148.jpg,779,1107,481,841,lockpicking
468,lockpicking_ 2_001149.jpg,755,1105,477,841,lockpicking
469,lockpicking_ 2_001150.jpg,767,1115,477,845,lockpicking
470,lockpicking_ 2_001151.jpg,781,1111,465,835,lockpicking
471,lockpicking_ 2_001152.jpg,761,1111,469,839,lockpicking
472,lockpicking_ 2_001153.jpg,759,1109,455,841,lockpicking
473,lockpicking_ 2_001154.jpg,761,1103,457,845,lockpicking
474,lockpicking_ 2_002171.jpg,743,1127,387,821,lockpicking
475,lockpicking_ 2_002172.jpg,777,1105,393,815,lockpicking
476,lockpicking_ 2_002173.jpg,779,1091,391,817,lockpicking
477,lockpicking_ 2_002174.jpg,781,1103,383,795,lockpicking
478,lockpicking_ 2_002175.jpg,773,1083,395,811,lockpicking
479,lockpicking_ 2_002176.jpg,783,1111,389,815,lockpicking
480,lockpicking_ 2_002177.jpg,781,1099,391,809,lockpicking
481,lockpicking_ 2_002178.jpg,779,1093,403,809,lockpicking
482,lockpicking_ 2_002179.jpg,775,1077,395,815,lockpicking
483,lockpicking_ 2_002180.jpg,775,1109,389,815,lockpicking
484,lockpicking_ 2_002181.jpg,767,1103,403,811,lockpicking
485,lockpicking_ 2_002182.jpg,773,1109,387,823,lockpicking
486,lockpicking_ 2_002183.jpg,773,1097,399,823,lockpicking
487,lockpicking_ 2_002184.jpg,779,1099,395,815,lockpicking
488,lockpicking_ 2_002185.jpg,775,1093,391,823,lockpicking
489,lockpicking_ 2_002186.jpg,781,1089,395,797,lockpicking
490,lockpicking_ 2_002187.jpg,771,1099,407,825,lockpicking
491,lockpicking_ 2_002188.jpg,763,1089,397,805,lockpicking
492,lockpicking_ 2_002189.jpg,771,1101,393,803,lockpicking
493,lockpicking_ 2_002190.jpg,761,1083,385,797,lockpicking
494,lockpicking_ 2_002191.jpg,771,1081,411,801,lockpicking
495,lockpicking_ 2_002192.jpg,767,1087,407,803,lockpicking
496,lockpicking_ 2_002193.jpg,763,1077,397,813,lockpicking
497,lockpicking_ 2_002194.jpg,751,1093,411,805,lockpicking
498,lockpicking_ 2_002195.jpg,765,1085,399,811,lockpicking
499,lockpicking_ 2_002196.jpg,777,1083,407,825,lockpicking
500,lockpicking_ 2_002197.jpg,767,1089,419,809,lockpicking
501,lockpicking_ 2_002198.jpg,759,1087,401,809,lockpicking
502,lockpicking_ 2_002199.jpg,761,1085,393,817,lockpicking
503,lockpicking_ 2_002200.jpg,769,1089,413,805,lockpicking
504,lockpicking_ 2_002201.jpg,769,1083,405,803,lockpicking
505,lockpicking_ 2_002202.jpg,775,1075,407,803,lockpicking
506,lockpicking_ 2_002203.jpg,761,1083,415,807,lockpicking
507,lockpicking_ 2_002204.jpg,755,1087,401,813,lockpicking
508,lockpicking_ 2_002205.jpg,759,1081,403,803,lockpicking
509,lockpicking_ 2_002206.jpg,761,1077,403,811,lockpicking
510,lockpicking_ 2_002207.jpg,765,1077,403,807,lockpicking
511,lockpicking_ 2_002208.jpg,775,1083,409,799,lockpicking
512,lockpicking_ 2_002209.jpg,765,1085,401,807,lockpicking
513,lockpicking_ 2_002210.jpg,771,1081,407,817,lockpicking
514,lockpicking_ 2_002211.jpg,769,1085,403,829,lockpicking
515,lockpicking_ 2_002212.jpg,771,1083,417,813,lockpicking
516,lockpicking_ 2_002213.jpg,777,1083,397,821,lockpicking
517,lockpicking_ 2_002214.jpg,769,1087,397,811,lockpicking
518,lockpicking_ 2_002215.jpg,758,1086,388,822,lockpicking
519,lockpicking_ 2_002216.jpg,764,1084,400,816,lockpicking
520,lockpicking_ 2_002217.jpg,774,1082,402,814,lockpicking
521,lockpicking_ 2_002218.jpg,764,1092,398,828,lockpicking
522,lockpicking_ 2_002558.jpg,676,1082,461,939,lockpicking
523,lockpicking_ 2_002559.jpg,717,1076,473,920,lockpicking
524,lockpicking_ 2_002560.jpg,727,1066,483,928,lockpicking
525,lockpicking_ 2_002561.jpg,708,1078,483,922,lockpicking
526,lockpicking_ 2_002562.jpg,721,1066,473,920,lockpicking
527,lockpicking_ 2_002563.jpg,725,1074,471,930,lockpicking
528,lockpicking_ 2_002564.jpg,721,1072,457,934,lockpicking
529,lockpicking_ 2_002565.jpg,717,1072,461,934,lockpicking
530,lockpicking_ 2_002566.jpg,719,1074,465,930,lockpicking
531,lockpicking_ 2_002567.jpg,717,1066,459,928,lockpicking
532,lockpicking_ 2_002568.jpg,733,1080,475,930,lockpicking
533,lockpicking_ 2_002569.jpg,723,1080,473,936,lockpicking
534,lockpicking_ 2_002570.jpg,721,1074,463,930,lockpicking
535,lockpicking_ 2_002571.jpg,729,1072,475,928,lockpicking
536,lockpicking_ 2_002572.jpg,717,1074,471,924,lockpicking
537,lockpicking_ 2_002573.jpg,710,1064,469,918,lockpicking
538,lockpicking_ 2_002574.jpg,702,1084,457,928,lockpicking
539,lockpicking_ 2_002575.jpg,708,1076,430,922,lockpicking
540,lockpicking_ 2_002576.jpg,719,1082,467,928,lockpicking
541,lockpicking_ 2_002577.jpg,733,1074,449,934,lockpicking
542,lockpicking_ 2_002578.jpg,733,1074,465,924,lockpicking
543,lockpicking_ 2_002579.jpg,723,1080,467,922,lockpicking
544,lockpicking_ 2_002580.jpg,721,1090,459,924,lockpicking
545,lockpicking_ 2_002581.jpg,715,1082,455,924,lockpicking
546,lockpicking_ 2_002582.jpg,706,1084,453,920,lockpicking
547,lockpicking_ 2_002583.jpg,698,1088,453,916,lockpicking
548,lockpicking_ 2_002584.jpg,708,1082,457,918,lockpicking
549,lockpicking_ 2_002585.jpg,727,1084,457,914,lockpicking
550,lockpicking_ 2_002586.jpg,731,1076,447,918,lockpicking
551,lockpicking_ 2_002587.jpg,743,1076,461,914,lockpicking
552,lockpicking_ 2_002588.jpg,727,1078,453,924,lockpicking
553,lockpicking_ 2_002589.jpg,725,1078,467,918,lockpicking
554,lockpicking_ 2_002590.jpg,729,1086,463,916,lockpicking
555,lockpicking_ 2_002591.jpg,715,1076,445,914,lockpicking
556,lockpicking_ 2_002592.jpg,712,1078,451,928,lockpicking
557,lockpicking_ 2_002593.jpg,702,1072,445,912,lockpicking
558,lockpicking_ 2_002594.jpg,708,1078,449,926,lockpicking
559,lockpicking_ 2_002595.jpg,719,1080,461,918,lockpicking
560,lockpicking_ 2_002596.jpg,723,1074,449,920,lockpicking
561,lockpicking_ 2_002597.jpg,729,1080,461,926,lockpicking
562,lockpicking_ 2_002598.jpg,725,1072,461,924,lockpicking
563,lockpicking_ 2_002599.jpg,727,1078,465,914,lockpicking
564,lockpicking_ 2_002600.jpg,735,1076,457,920,lockpicking
565,lockpicking_ 2_002601.jpg,733,1066,459,912,lockpicking
566,lockpicking_ 2_002602.jpg,723,1086,455,916,lockpicking
567,lockpicking_ 2_002603.jpg,725,1072,445,914,lockpicking
568,lockpicking_ 2_002604.jpg,712,1084,459,928,lockpicking
569,lockpicking_ 2_002605.jpg,725,1078,453,920,lockpicking
570,lockpicking_ 2_002606.jpg,721,1078,463,924,lockpicking
571,lockpicking_ 2_002607.jpg,727,1072,453,908,lockpicking
572,lockpicking_ 2_002608.jpg,727,1076,439,932,lockpicking
573,lockpicking_ 2_002609.jpg,712,1100,459,926,lockpicking
574,lockpicking_ 2_002610.jpg,725,1076,459,918,lockpicking
575,lockpicking_ 2_002611.jpg,715,1096,451,924,lockpicking
576,lockpicking_ 2_002612.jpg,729,1086,457,928,lockpicking
577,lockpicking_ 2_002613.jpg,704,1072,463,914,lockpicking
578,lockpicking_ 2_002614.jpg,694,1078,439,920,lockpicking
579,lockpicking_ 2_002615.jpg,721,1082,443,928,lockpicking
580,lockpicking_ 2_002616.jpg,692,1088,455,924,lockpicking
581,lockpicking_ 2_002617.jpg,706,1068,441,912,lockpicking
582,lockpicking_ 2_002618.jpg,710,1072,451,922,lockpicking
583,lockpicking_ 2_002619.jpg,702,1082,463,918,lockpicking
584,lockpicking_ 2_002620.jpg,710,1078,455,916,lockpicking
585,lockpicking_ 4_000137.jpg,512,990,526,881,lockpicking
586,lockpicking_ 4_000138.jpg,551,990,518,906,lockpicking
587,lockpicking_ 4_000139.jpg,559,986,520,894,lockpicking
588,lockpicking_ 4_000140.jpg,519,988,532,875,lockpicking
589,lockpicking_ 4_000141.jpg,527,982,526,885,lockpicking
590,lockpicking_ 4_000142.jpg,561,986,520,881,lockpicking
591,lockpicking_ 4_000143.jpg,545,982,549,873,lockpicking
592,lockpicking_ 4_000144.jpg,517,986,516,863,lockpicking
593,lockpicking_ 4_000145.jpg,525,982,532,867,lockpicking
594,lockpicking_ 4_000146.jpg,543,986,545,871,lockpicking
595,lockpicking_ 4_000147.jpg,515,988,528,869,lockpicking
596,lockpicking_ 4_000148.jpg,539,996,528,861,lockpicking
597,lockpicking_ 4_000149.jpg,533,980,532,867,lockpicking
598,lockpicking_ 4_000150.jpg,541,998,532,877,lockpicking
599,lockpicking_ 4_000151.jpg,533,982,536,859,lockpicking
600,lockpicking_ 4_000152.jpg,572,982,545,867,lockpicking
601,lockpicking_ 4_000153.jpg,549,978,530,871,lockpicking
602,lockpicking_ 4_000154.jpg,566,980,530,869,lockpicking
603,lockpicking_ 4_000155.jpg,557,982,547,873,lockpicking
604,lockpicking_ 4_000156.jpg,559,974,545,859,lockpicking
605,lockpicking_ 4_000157.jpg,525,980,534,841,lockpicking
606,lockpicking_ 4_000158.jpg,525,980,536,861,lockpicking
607,lockpicking_ 4_000159.jpg,533,978,520,859,lockpicking
608,lockpicking_ 4_000160.jpg,523,998,528,851,lockpicking
609,lockpicking_ 4_000161.jpg,529,980,545,861,lockpicking
610,lockpicking_ 4_000162.jpg,531,978,536,867,lockpicking
611,lockpicking_ 4_000163.jpg,541,978,536,849,lockpicking
612,lockpicking_ 4_000164.jpg,519,980,547,857,lockpicking
613,lockpicking_ 4_000165.jpg,551,970,543,851,lockpicking
614,lockpicking_ 4_000166.jpg,555,984,553,849,lockpicking
615,lockpicking_ 4_000167.jpg,537,982,543,861,lockpicking
616,lockpicking_ 4_000168.jpg,535,980,541,859,lockpicking
617,lockpicking_ 4_000169.jpg,545,978,551,849,lockpicking
618,lockpicking_ 4_000170.jpg,539,994,555,865,lockpicking
619,lockpicking_ 4_000171.jpg,533,1000,528,857,lockpicking
620,lockpicking_ 4_000172.jpg,559,980,539,857,lockpicking
621,lockpicking_ 4_000173.jpg,553,980,547,855,lockpicking
622,lockpicking_ 4_000174.jpg,545,980,520,861,lockpicking
623,lockpicking_ 4_000175.jpg,545,980,547,863,lockpicking
624,lockpicking_ 4_000176.jpg,537,980,543,863,lockpicking
625,lockpicking_ 4_000177.jpg,549,978,549,853,lockpicking
626,lockpicking_ 4_000178.jpg,543,982,545,855,lockpicking
627,lockpicking_ 4_000179.jpg,564,976,526,857,lockpicking
628,lockpicking_ 4_000180.jpg,555,986,539,865,lockpicking
629,lockpicking_ 4_000181.jpg,553,978,555,859,lockpicking
630,lockpicking_ 4_000182.jpg,551,980,545,853,lockpicking
631,lockpicking_ 4_000183.jpg,568,968,532,859,lockpicking
632,lockpicking_ 4_000184.jpg,568,978,555,845,lockpicking
633,lockpicking_ 4_000185.jpg,564,978,549,857,lockpicking
634,lockpicking_ 4_000186.jpg,557,974,559,865,lockpicking
635,lockpicking_ 4_000187.jpg,561,982,547,859,lockpicking
636,lockpicking_ 4_000188.jpg,564,978,541,865,lockpicking
637,lockpicking_ 4_000189.jpg,555,980,543,861,lockpicking
638,lockpicking_ 4_000657.jpg,580,1019,424,818,lockpicking
639,lockpicking_ 4_000658.jpg,619,994,465,806,lockpicking
640,lockpicking_ 4_000659.jpg,617,992,453,800,lockpicking
641,lockpicking_ 4_000660.jpg,627,994,469,785,lockpicking
642,lockpicking_ 4_000661.jpg,612,994,453,790,lockpicking
643,lockpicking_ 4_000662.jpg,623,1002,455,781,lockpicking
644,lockpicking_ 4_000663.jpg,608,1004,443,779,lockpicking
645,lockpicking_ 4_000664.jpg,633,992,463,767,lockpicking
646,lockpicking_ 4_000665.jpg,625,994,463,769,lockpicking
647,lockpicking_ 4_000666.jpg,635,1002,457,777,lockpicking
648,lockpicking_ 4_000667.jpg,617,998,461,775,lockpicking
649,lockpicking_ 4_000668.jpg,623,1000,453,783,lockpicking
650,lockpicking_ 4_000669.jpg,610,996,449,763,lockpicking
651,lockpicking_ 4_000670.jpg,631,996,457,761,lockpicking
652,lockpicking_ 4_000671.jpg,621,992,459,769,lockpicking
653,lockpicking_ 4_000672.jpg,625,992,457,769,lockpicking
654,lockpicking_ 4_000673.jpg,625,990,449,749,lockpicking
655,lockpicking_ 4_000674.jpg,617,976,457,761,lockpicking
656,lockpicking_ 4_000675.jpg,629,992,477,763,lockpicking
657,lockpicking_ 4_000676.jpg,596,992,465,759,lockpicking
658,lockpicking_ 4_000677.jpg,598,988,441,755,lockpicking
659,lockpicking_ 4_000678.jpg,617,998,459,757,lockpicking
660,lockpicking_ 4_000679.jpg,592,998,469,773,lockpicking
661,lockpicking_ 4_000680.jpg,608,1000,469,761,lockpicking
662,lockpicking_ 4_000681.jpg,610,988,467,745,lockpicking
663,lockpicking_ 4_000682.jpg,610,978,469,763,lockpicking
664,lockpicking_ 4_000683.jpg,619,986,479,755,lockpicking
665,peeking_ 1_000179.jpg,784,1036,304,616,Peeking
666,peeking_ 1_000182.jpg,812,1032,308,612,Peeking
667,peeking_ 1_000188.jpg,808,1036,312,604,Peeking
668,peeking_ 1_000191.jpg,820,1040,316,612,Peeking
669,peeking_ 1_000195.jpg,788,1044,308,620,Peeking
670,peeking_ 1_000198.jpg,832,1028,312,600,Peeking
671,peeking_ 1_000199.jpg,800,1040,308,612,Peeking
672,peeking_ 1_000203.jpg,800,1056,304,616,Peeking
673,peeking_ 1_000206.jpg,820,1040,308,604,Peeking
674,peeking_ 1_000207.jpg,776,1048,308,596,Peeking
675,peeking_ 1_000208.jpg,760,1032,304,624,Peeking
676,peeking_ 1_000209.jpg,792,1036,304,620,Peeking
677,peeking_ 1_000210.jpg,792,1052,304,600,Peeking
678,peeking_ 1_000213.jpg,820,1048,308,616,Peeking
679,peeking_ 1_000226.jpg,796,1048,316,636,Peeking
680,peeking_ 1_000227.jpg,788,1048,312,628,Peeking
681,peeking_ 1_000231.jpg,792,1056,316,616,Peeking
682,peeking_ 1_000250.jpg,824,1040,304,600,Peeking
683,peeking_ 1_000326.jpg,840,1056,296,592,Peeking
684,peeking_ 1_000340.jpg,820,1060,300,584,Peeking
685,peeking_ 1_000348.jpg,816,1060,280,584,Peeking
686,peeking_ 1_000356.jpg,792,1040,256,588,Peeking
687,peeking_ 1_000495.jpg,648,996,272,640,Peeking
688,peeking_ 1_000500.jpg,652,1008,288,640,Peeking
689,peeking_ 1_000502.jpg,648,1012,280,592,Peeking
690,peeking_ 1_000504.jpg,644,992,288,632,Peeking
691,peeking_ 1_000506.jpg,640,1000,288,640,Peeking
692,peeking_ 1_000508.jpg,648,1000,288,636,Peeking
693,peeking_ 1_000512.jpg,640,1000,292,628,Peeking
694,peeking_ 1_000514.jpg,656,1004,304,620,Peeking
695,peeking_ 1_000518.jpg,640,996,292,644,Peeking
696,peeking_ 1_000522.jpg,628,1008,296,620,Peeking
697,peeking_ 1_000525.jpg,632,1008,300,624,Peeking
698,peeking_ 1_000529.jpg,640,1000,304,660,Peeking
699,peeking_ 1_000531.jpg,636,992,308,640,Peeking
700,peeking_ 1_000533.jpg,640,1000,308,640,Peeking
701,peeking_ 1_000537.jpg,620,1004,304,636,Peeking
702,peeking_ 1_000540.jpg,636,1008,300,664,Peeking
703,peeking_ 1_000543.jpg,644,996,300,636,Peeking
704,peeking_ 1_000548.jpg,640,988,304,652,Peeking
705,peeking_ 1_000551.jpg,644,992,296,628,Peeking
706,peeking_ 1_000557.jpg,632,1008,280,640,Peeking
707,peeking_ 1_000562.jpg,636,984,284,620,Peeking
708,peeking_ 1_000565.jpg,636,976,280,632,Peeking
709,peeking_ 1_000572.jpg,640,964,268,632,Peeking
710,peeking_ 1_000666.jpg,652,1004,384,768,Peeking
711,peeking_ 1_000669.jpg,644,1012,388,764,Peeking
712,peeking_ 1_000676.jpg,644,1016,380,784,Peeking
713,peeking_ 1_000693.jpg,640,1020,400,776,Peeking
714,peeking_ 1_000721.jpg,640,1044,416,752,Peeking
715,peeking_ 1_000723.jpg,636,1032,412,752,Peeking
716,peeking_ 1_000728.jpg,648,1040,416,756,Peeking
717,peeking_ 1_000741.jpg,648,1032,400,772,Peeking
718,peeking_ 1_000750.jpg,632,1032,384,768,Peeking
719,peeking_ 1_000755.jpg,648,1036,376,772,Peeking
720,peeking_ 1_000765.jpg,632,1016,348,764,Peeking
721,peeking_ 1_000834.jpg,780,1092,328,684,Peeking
722,peeking_ 1_000838.jpg,804,1104,336,688,Peeking
723,peeking_ 1_000844.jpg,784,1112,344,696,Peeking
724,peeking_ 1_000850.jpg,804,1096,356,692,Peeking
725,peeking_ 1_000858.jpg,796,1112,356,684,Peeking
726,peeking_ 1_000865.jpg,780,1132,364,688,Peeking
727,peeking_ 1_000873.jpg,820,1116,352,692,Peeking
728,peeking_ 1_000880.jpg,828,1120,368,712,Peeking
729,peeking_ 1_000891.jpg,844,1124,364,700,Peeking
730,peeking_ 1_000901.jpg,828,1128,368,692,Peeking
731,peeking_ 1_000912.jpg,860,1132,368,704,Peeking
732,peeking_ 1_000924.jpg,844,1120,356,720,Peeking
733,peeking_ 1_000930.jpg,852,1136,368,716,Peeking
734,peeking_ 1_000937.jpg,836,1120,364,700,Peeking
735,peeking_ 1_000946.jpg,840,1140,376,696,Peeking
736,peeking_ 1_000955.jpg,844,1124,368,704,Peeking
737,peeking_ 1_000963.jpg,856,1116,368,700,Peeking
738,peeking_ 1_000972.jpg,856,1132,372,704,Peeking
739,peeking_ 1_000981.jpg,812,1124,368,688,Peeking
740,peeking_ 1_000991.jpg,836,1124,368,684,Peeking
741,peeking_ 1_000998.jpg,820,1108,360,700,Peeking
742,peeking_ 1_001013.jpg,808,1108,360,688,Peeking
743,peeking_ 1_001022.jpg,800,1112,352,696,Peeking
744,peeking_ 1_001027.jpg,768,1104,340,692,Peeking
745,peeking_ 1_001034.jpg,768,1092,312,700,Peeking
746,peeking_ 1_001035.jpg,792,1064,320,712,Peeking
747,peeking_ 1_001153.jpg,608,1096,436,872,Peeking
748,peeking_ 1_001157.jpg,620,1112,452,884,Peeking
749,peeking_ 1_001161.jpg,624,1108,452,904,Peeking
750,peeking_ 1_001167.jpg,616,1116,464,876,Peeking
751,peeking_ 1_001172.jpg,612,1116,468,908,Peeking
752,peeking_ 1_001178.jpg,620,1120,476,888,Peeking
753,peeking_ 1_001184.jpg,596,1128,464,824,Peeking
754,peeking_ 1_001188.jpg,600,1120,468,896,Peeking
755,peeking_ 1_001194.jpg,608,1140,476,880,Peeking
756,peeking_ 1_001207.jpg,628,1128,464,920,Peeking
757,peeking_ 1_001219.jpg,612,1144,464,920,Peeking
758,peeking_ 1_001230.jpg,596,1116,476,868,Peeking
759,peeking_ 1_001240.jpg,596,1116,468,928,Peeking
760,peeking_ 1_001251.jpg,564,1100,460,896,Peeking
761,peeking_ 1_001259.jpg,552,1060,452,884,Peeking
762,peeking_ 1_001291.jpg,484,944,464,964,Peeking
763,peeking_ 1_001322.jpg,476,1028,536,1024,Peeking
764,peeking_ 1_001328.jpg,480,968,536,1008,Peeking
765,peeking_ 1_001334.jpg,484,988,544,1024,Peeking
766,peeking_ 1_001345.jpg,484,996,564,1016,Peeking
767,peeking_ 1_001354.jpg,484,1000,576,1024,Peeking
768,peeking_ 1_001366.jpg,492,1004,548,1044,Peeking
769,peeking_ 1_001415.jpg,692,1104,504,920,Peeking
770,peeking_ 1_001418.jpg,716,1108,512,920,Peeking
771,peeking_ 1_001419.jpg,712,1104,512,952,Peeking
772,peeking_ 1_001420.jpg,724,1108,516,928,Peeking
773,peeking_ 1_001422.jpg,728,1108,528,912,Peeking
774,peeking_ 1_001423.jpg,708,1128,516,916,Peeking
775,peeking_ 1_001426.jpg,728,1108,516,932,Peeking
776,peeking_ 1_001430.jpg,740,1100,520,928,Peeking
777,peeking_ 1_001433.jpg,760,1124,528,924,Peeking
778,peeking_ 1_001438.jpg,768,1108,520,924,Peeking
779,peeking_ 1_001444.jpg,768,1104,524,916,Peeking
780,peeking_ 1_001452.jpg,752,1124,532,940,Peeking
781,peeking_ 1_001457.jpg,760,1120,536,916,Peeking
782,peeking_ 1_001463.jpg,772,1104,540,924,Peeking
783,peeking_ 1_001469.jpg,764,1128,544,916,Peeking
784,peeking_ 1_001479.jpg,724,1100,532,912,Peeking
785,peeking_ 1_001484.jpg,760,1128,532,932,Peeking
786,peeking_ 1_001494.jpg,740,1112,532,920,Peeking
787,peeking_ 1_001502.jpg,784,1100,528,924,Peeking
788,peeking_ 1_001508.jpg,772,1108,516,920,Peeking
789,peeking_ 1_001516.jpg,780,1104,524,908,Peeking
790,peeking_ 1_001524.jpg,796,1096,540,912,Peeking
791,peeking_ 1_001532.jpg,784,1104,544,900,Peeking
792,peeking_ 1_001540.jpg,780,1120,528,912,Peeking
793,peeking_ 1_001545.jpg,792,1116,544,908,Peeking
794,peeking_ 1_001550.jpg,784,1144,532,920,Peeking
795,peeking_ 1_001562.jpg,788,1124,536,912,Peeking
796,peeking_ 1_001569.jpg,768,1120,528,908,Peeking
797,peeking_ 1_001575.jpg,724,1128,524,916,Peeking
798,peeking_ 1_001581.jpg,716,1124,504,892,Peeking
799,peeking_ 1_001587.jpg,716,1132,480,872,Peeking
800,peeking_ 1_001591.jpg,688,1104,468,884,Peeking
801,peeking_ 1_001595.jpg,680,1108,444,868,Peeking
802,peeking_ 1_001807.jpg,660,1024,228,548,Peeking
803,peeking_ 1_001811.jpg,680,1040,244,556,Peeking
804,peeking_ 1_001814.jpg,684,1032,232,552,Peeking
805,peeking_ 1_001819.jpg,696,1012,256,564,Peeking
806,peeking_ 1_001824.jpg,688,1016,256,560,Peeking
807,peeking_ 1_001831.jpg,676,1004,260,564,Peeking
808,peeking_ 1_001835.jpg,676,1020,268,576,Peeking
809,peeking_ 1_001841.jpg,676,1016,264,556,Peeking
810,peeking_ 1_001846.jpg,672,1020,276,540,Peeking
811,peeking_ 1_001852.jpg,680,1020,268,528,Peeking
812,peeking_ 1_001858.jpg,692,1020,268,556,Peeking
813,peeking_ 1_001866.jpg,676,1028,284,552,Peeking
814,peeking_ 1_001871.jpg,688,1028,284,556,Peeking
815,peeking_ 1_001875.jpg,680,1036,280,540,Peeking
816,peeking_ 1_001881.jpg,668,1032,284,532,Peeking
817,peeking_ 1_001886.jpg,696,1036,288,544,Peeking
818,peeking_ 1_001887.jpg,708,1032,288,528,Peeking
819,peeking_ 1_001890.jpg,696,1036,292,536,Peeking
820,peeking_ 1_001896.jpg,684,1044,292,548,Peeking
821,peeking_ 1_001904.jpg,684,1052,296,560,Peeking
822,peeking_ 1_001911.jpg,692,1056,304,556,Peeking
823,peeking_ 1_001917.jpg,684,1028,304,580,Peeking
824,peeking_ 1_001924.jpg,700,1032,304,552,Peeking
825,peeking_ 1_001931.jpg,704,1048,312,552,Peeking
826,peeking_ 1_001939.jpg,696,1048,308,568,Peeking
827,peeking_ 1_001947.jpg,692,1040,312,568,Peeking
828,peeking_ 1_001952.jpg,700,1028,320,572,Peeking
829,peeking_ 1_001956.jpg,700,1044,316,556,Peeking
830,peeking_ 1_001961.jpg,696,1056,308,580,Peeking
831,peeking_ 1_001966.jpg,692,1036,308,572,Peeking
832,peeking_ 1_001973.jpg,688,1044,312,556,Peeking
833,peeking_ 1_001978.jpg,696,1056,328,560,Peeking
834,peeking_ 1_001982.jpg,700,1044,316,580,Peeking
835,peeking_ 1_001986.jpg,696,1044,312,556,Peeking
836,peeking_ 1_001990.jpg,696,1036,320,556,Peeking
837,peeking_ 1_001996.jpg,688,1044,316,560,Peeking
838,peeking_ 1_002000.jpg,696,1036,312,556,Peeking
839,peeking_ 1_002004.jpg,692,1032,304,564,Peeking
840,peeking_ 1_002008.jpg,688,1044,300,580,Peeking
841,peeking_ 1_002012.jpg,684,1052,300,552,Peeking
842,peeking_ 1_002016.jpg,680,1044,296,560,Peeking
843,peeking_ 1_002193.jpg,620,932,360,620,Peeking
844,peeking_ 1_002198.jpg,604,928,348,664,Peeking
845,peeking_ 1_002205.jpg,612,948,352,672,Peeking
846,peeking_ 1_002218.jpg,616,928,360,660,Peeking
847,peeking_ 1_002223.jpg,608,940,356,672,Peeking
848,peeking_ 1_002227.jpg,612,928,360,656,Peeking
849,peeking_ 1_002238.jpg,628,928,364,648,Peeking
850,peeking_ 1_002244.jpg,612,928,368,664,Peeking
851,peeking_ 1_002252.jpg,612,936,356,696,Peeking
852,peeking_ 1_002260.jpg,612,928,368,680,Peeking
853,peeking_ 1_002269.jpg,612,936,372,668,Peeking
854,peeking_ 1_002275.jpg,612,920,360,672,Peeking
855,peeking_ 1_002284.jpg,608,936,360,636,Peeking
856,peeking_ 1_002288.jpg,612,924,352,664,Peeking
857,peeking_ 1_002292.jpg,612,916,356,672,Peeking
858,peeking_ 1_002300.jpg,604,940,348,656,Peeking
859,peeking_ 1_002339.jpg,584,900,344,644,Peeking
860,peeking_ 1_002342.jpg,592,908,340,656,Peeking
861,peeking_ 1_002343.jpg,596,912,356,680,Peeking
862,peeking_ 1_002348.jpg,600,888,344,680,Peeking
863,peeking_ 1_002354.jpg,604,912,324,668,Peeking
864,peeking_ 1_002362.jpg,612,916,308,628,Peeking
865,peeking_ 5_000552.jpg,620,1064,420,880,Peeking
866,peeking_ 5_000693.jpg,680,1064,288,796,Peeking
867,peeking_ 5_000739.jpg,648,1028,440,932,Peeking
868,peeking_ 5_000745.jpg,644,1024,468,952,Peeking
869,peeking_ 5_000751.jpg,668,1020,512,956,Peeking
870,peeking_ 5_000759.jpg,652,1028,532,948,Peeking
871,peeking_ 5_000769.jpg,652,1028,536,936,Peeking
872,peeking_ 5_000779.jpg,660,1056,512,908,Peeking
873,peeking_ 5_000878.jpg,764,1116,256,708,Peeking
874,peeking_ 5_000883.jpg,772,1124,256,696,Peeking
875,peeking_ 5_000884.jpg,768,1132,264,724,Peeking
876,peeking_ 5_000889.jpg,776,1136,280,700,Peeking
877,peeking_ 5_000895.jpg,784,1160,280,704,Peeking
878,peeking_ 5_000899.jpg,796,1164,284,712,Peeking
879,peeking_ 5_000904.jpg,820,1172,276,708,Peeking
880,peeking_ 5_000908.jpg,792,1192,284,752,Peeking
881,peeking_ 5_000913.jpg,864,1216,284,704,Peeking
882,peeking_ 5_000917.jpg,804,1204,292,708,Peeking
883,peeking_ 5_000922.jpg,840,1204,280,688,Peeking
884,peeking_ 5_000927.jpg,840,1208,288,692,Peeking
885,peeking_ 5_000932.jpg,824,1228,276,716,Peeking
886,peeking_ 5_000936.jpg,820,1212,288,688,Peeking
887,peeking_ 5_000941.jpg,824,1208,284,700,Peeking
888,peeking_ 5_000945.jpg,844,1208,268,720,Peeking
889,peeking_ 5_000949.jpg,844,1212,284,692,Peeking
890,peeking_ 5_000953.jpg,860,1200,284,704,Peeking
891,peeking_ 5_000958.jpg,856,1200,276,692,Peeking
892,peeking_ 5_000962.jpg,820,1180,284,696,Peeking
893,peeking_ 5_000967.jpg,832,1184,288,732,Peeking
894,peeking_ 5_000971.jpg,828,1176,284,724,Peeking
895,peeking_ 5_000976.jpg,804,1164,296,744,Peeking
896,peeking_ 5_000980.jpg,812,1176,304,732,Peeking
897,peeking_ 5_000984.jpg,828,1172,308,752,Peeking
898,peeking_ 5_000988.jpg,808,1160,316,780,Peeking
899,peeking_ 5_000993.jpg,824,1164,316,756,Peeking
900,peeking_ 5_000997.jpg,824,1164,316,784,Peeking
901,peeking_ 5_001001.jpg,832,1140,324,788,Peeking
902,peeking_ 5_001005.jpg,812,1152,328,792,Peeking
903,peeking_ 5_001009.jpg,828,1156,332,784,Peeking
904,peeking_ 5_001014.jpg,788,1148,332,784,Peeking
905,peeking_ 5_001020.jpg,796,1156,340,796,Peeking
906,peeking_ 5_001024.jpg,812,1144,340,816,Peeking
907,peeking_ 5_001028.jpg,800,1148,340,796,Peeking
908,peeking_ 5_001033.jpg,800,1144,336,796,Peeking
909,peeking_ 5_001037.jpg,788,1132,332,792,Peeking
910,peeking_ 5_001041.jpg,788,1144,320,816,Peeking
911,peeking_ 5_001045.jpg,784,1144,312,796,Peeking
912,peeking_ 5_001049.jpg,792,1128,308,776,Peeking
913,peeking_ 5_001054.jpg,796,1116,304,768,Peeking
914,peeking_ 5_001057.jpg,800,1124,300,748,Peeking
915,peeking_ 5_001062.jpg,804,1128,300,752,Peeking
916,peeking_ 5_001066.jpg,816,1124,304,772,Peeking
917,peeking_ 5_001071.jpg,816,1140,296,752,Peeking
918,peeking_ 5_001076.jpg,800,1124,296,752,Peeking
919,peeking_ 5_001079.jpg,796,1120,276,740,Peeking
920,peeking_ 5_001082.jpg,792,1120,296,748,Peeking
921,peeking_ 5_001088.jpg,784,1116,292,736,Peeking
922,peeking_ 5_001092.jpg,788,1116,292,740,Peeking
923,peeking_ 5_001098.jpg,792,1116,300,736,Peeking
924,peeking_ 5_001103.jpg,804,1108,284,744,Peeking
925,peeking_ 5_001109.jpg,772,1116,292,744,Peeking
926,peeking_ 5_001111.jpg,784,1116,288,748,Peeking
927,peeking_ 5_001113.jpg,788,1116,296,756,Peeking
928,peeking_ 5_001116.jpg,788,1124,288,792,Peeking
929,peeking_ 5_001118.jpg,788,1136,304,780,Peeking
930,peeking_ 5_001142.jpg,724,1104,372,872,Peeking
931,peeking_ 5_001146.jpg,708,1096,380,816,Peeking
932,peeking_ 5_001149.jpg,684,1092,356,780,Peeking
933,peeking_ 5_001153.jpg,680,1088,384,792,Peeking
934,peeking_ 5_001158.jpg,664,1080,400,768,Peeking
935,peeking_ 5_001162.jpg,648,1056,396,752,Peeking
936,peeking_ 5_001165.jpg,640,1068,400,736,Peeking
937,peeking_ 5_001169.jpg,644,1076,416,752,Peeking
938,peeking_ 5_001174.jpg,636,1056,408,760,Peeking
939,peeking_ 5_001179.jpg,632,1044,400,808,Peeking
940,peeking_ 5_001184.jpg,624,1040,400,788,Peeking
941,peeking_ 5_001188.jpg,616,1036,408,812,Peeking
942,peeking_ 5_001192.jpg,624,1028,404,812,Peeking
943,peeking_ 5_001195.jpg,612,1028,404,796,Peeking
944,peeking_ 5_001197.jpg,596,1020,404,848,Peeking
945,peeking_ 5_001199.jpg,612,1020,392,848,Peeking
946,peeking_ 5_001203.jpg,604,1000,420,848,Peeking
947,peeking_ 5_001206.jpg,596,980,412,800,Peeking
948,peeking_ 5_001210.jpg,608,984,444,784,Peeking
949,peeking_ 5_001214.jpg,596,980,472,796,Peeking
950,peeking_ 5_001218.jpg,600,964,460,804,Peeking
951,peeking_ 5_001360.jpg,796,1080,236,636,Peeking
952,peeking_ 5_001363.jpg,792,1092,236,744,Peeking
953,peeking_ 5_001366.jpg,764,1104,240,756,Peeking
954,peeking_ 5_001370.jpg,776,1112,276,764,Peeking
955,peeking_ 5_001374.jpg,780,1108,256,776,Peeking
956,peeking_ 5_001379.jpg,788,1120,276,756,Peeking
957,peeking_ 5_001384.jpg,800,1128,280,688,Peeking
958,peeking_ 5_001389.jpg,792,1152,284,708,Peeking
959,peeking_ 5_001393.jpg,804,1156,280,704,Peeking
960,peeking_ 5_001396.jpg,800,1156,304,748,Peeking
961,peeking_ 5_001401.jpg,804,1168,300,736,Peeking
962,peeking_ 5_001405.jpg,760,1164,316,752,Peeking
963,peeking_ 5_001410.jpg,776,1160,312,724,Peeking
964,peeking_ 5_001415.jpg,808,1164,324,760,Peeking
965,peeking_ 5_001419.jpg,788,1152,304,812,Peeking
966,peeking_ 5_001424.jpg,792,1164,312,772,Peeking
967,peeking_ 5_001428.jpg,772,1172,316,744,Peeking
968,peeking_ 5_001432.jpg,764,1148,320,740,Peeking
969,peeking_ 5_001436.jpg,780,1152,308,740,Peeking
970,peeking_ 5_001441.jpg,784,1140,312,728,Peeking
971,peeking_ 5_001445.jpg,772,1136,304,820,Peeking
972,peeking_ 5_001448.jpg,788,1140,316,736,Peeking
973,peeking_ 5_001451.jpg,792,1136,300,808,Peeking
974,peeking_ 5_001455.jpg,788,1136,308,728,Peeking
975,peeking_ 5_001458.jpg,776,1120,292,816,Peeking
976,peeking_ 5_001462.jpg,788,1140,308,720,Peeking
977,peeking_ 5_001465.jpg,788,1132,296,812,Peeking
978,peeking_ 5_001469.jpg,784,1136,296,720,Peeking
979,peeking_ 5_001473.jpg,788,1144,292,812,Peeking
980,peeking_ 5_001476.jpg,780,1132,296,744,Peeking
981,peeking_ 5_001480.jpg,788,1132,300,708,Peeking
982,peeking_ 5_001483.jpg,764,1136,292,804,Peeking
983,peeking_ 5_001484.jpg,780,1124,292,712,Peeking
984,peeking_ 5_001488.jpg,788,1132,296,712,Peeking
985,peeking_ 5_001492.jpg,780,1124,280,812,Peeking
986,peeking_ 5_001497.jpg,772,1116,280,700,Peeking
987,peeking_ 5_001502.jpg,792,1132,288,688,Peeking
988,peeking_ 5_001505.jpg,772,1104,268,744,Peeking
989,peeking_ 5_001509.jpg,788,1116,272,720,Peeking
990,peeking_ 5_001513.jpg,800,1112,276,668,Peeking
991,peeking_ 5_001517.jpg,780,1112,272,672,Peeking
992,peeking_ 5_001520.jpg,784,1120,260,660,Peeking
993,peeking_ 5_001528.jpg,768,1096,256,656,Peeking
994,peeking_ 5_001533.jpg,776,1096,252,648,Peeking
995,peeking_ 5_001537.jpg,780,1080,256,632,Peeking
996,peeking_ 5_001542.jpg,784,1076,260,632,Peeking
997,peeking_ 5_001547.jpg,764,1080,256,636,Peeking
998,peeking_ 5_001550.jpg,768,1076,260,656,Peeking
999,peeking_ 5_001555.jpg,784,1084,264,652,Peeking
1000,peeking_ 5_001560.jpg,744,1084,272,668,Peeking
1001,peeking_ 5_001566.jpg,752,1072,280,724,Peeking
1002,peeking_ 5_001570.jpg,744,1076,284,720,Peeking
1003,peeking_ 5_001573.jpg,720,1088,300,732,Peeking
1004,peeking_ 5_001577.jpg,740,1084,304,752,Peeking
1005,peeking_ 5_001581.jpg,744,1088,320,800,Peeking
1006,peeking_ 5_001587.jpg,716,1092,340,836,Peeking
1007,peeking_ 5_001591.jpg,720,1092,372,816,Peeking
1008,peeking_ 5_001595.jpg,712,1100,360,844,Peeking
1009,peeking_ 5_001598.jpg,744,1096,392,840,Peeking
1010,peeking_ 5_001602.jpg,724,1092,404,876,Peeking
1011,peeking_ 5_001606.jpg,716,1096,412,880,Peeking
1012,peeking_ 5_001610.jpg,712,1088,416,872,Peeking
1013,peeking_ 5_001614.jpg,708,1096,428,880,Peeking
1014,peeking_ 5_001617.jpg,708,1100,424,916,Peeking
1015,peeking_ 5_001621.jpg,708,1100,428,904,Peeking
1016,peeking_ 5_001626.jpg,700,1104,440,912,Peeking
1017,peeking_ 5_001627.jpg,720,1096,440,908,Peeking
1018,peeking_ 5_001630.jpg,720,1108,452,928,Peeking
1019,peeking_ 5_001633.jpg,712,1108,444,948,Peeking
1020,peeking_ 5_001637.jpg,712,1116,452,944,Peeking
1021,peeking_ 5_001641.jpg,704,1116,456,940,Peeking
1022,peeking_ 5_001643.jpg,716,1112,464,944,Peeking
1023,peeking_ 5_001644.jpg,708,1112,476,928,Peeking
1024,peeking_ 5_001649.jpg,704,1132,496,952,Peeking
1025,peeking_ 5_001653.jpg,712,1132,504,996,Peeking
1026,peeking_ 5_001656.jpg,704,1136,520,968,Peeking
1027,peeking_ 5_001660.jpg,712,1136,528,984,Peeking
1028,peeking_ 5_001664.jpg,704,1136,532,1000,Peeking
1029,peeking_ 5_001668.jpg,720,1140,536,988,Peeking
1030,peeking_ 5_001671.jpg,704,1148,536,1000,Peeking
1031,peeking_ 5_001674.jpg,720,1140,532,1032,Peeking
1032,peeking_ 5_001675.jpg,700,1144,528,972,Peeking
1033,peeking_ 5_001676.jpg,712,1148,512,1000,Peeking
1034,peeking_ 5_001677.jpg,680,1152,528,972,Peeking
1035,peeking_ 5_001678.jpg,716,1152,536,1000,Peeking
1036,peeking_ 5_001679.jpg,696,1148,528,988,Peeking
1037,peeking_ 5_001680.jpg,708,1144,528,984,Peeking
1038,peeking_ 5_001681.jpg,696,1152,532,996,Peeking
1039,peeking_ 5_001682.jpg,700,1152,524,984,Peeking
1040,peeking_ 5_001683.jpg,716,1140,528,980,Peeking
1041,peeking_ 5_001684.jpg,716,1156,524,988,Peeking
1042,peeking_ 5_001688.jpg,692,1156,516,984,Peeking
1043,peeking_ 5_001692.jpg,708,1160,516,984,Peeking
1044,peeking_ 5_001697.jpg,696,1156,504,1004,Peeking
1045,peeking_ 5_001701.jpg,708,1160,508,964,Peeking
1046,peeking_ 5_001706.jpg,716,1168,500,956,Peeking
1047,peeking_ 5_001707.jpg,716,1172,492,972,Peeking
1048,peeking_ 5_001712.jpg,696,1180,488,996,Peeking
1049,peeking_ 5_001717.jpg,716,1184,488,960,Peeking
1050,peeking_ 5_001721.jpg,712,1188,480,940,Peeking
1051,peeking_ 5_001727.jpg,728,1188,456,936,Peeking
1052,peeking_ 5_001732.jpg,736,1180,448,896,Peeking
1053,peeking_ 5_001738.jpg,744,1176,412,876,Peeking
1054,peeking_ 5_001742.jpg,736,1172,392,852,Peeking
1055,peeking_ 5_001747.jpg,744,1164,364,840,Peeking
1056,peeking_ 5_001751.jpg,752,1148,356,780,Peeking
1057,peeking_ 5_001755.jpg,756,1144,324,780,Peeking
1058,peeking_ 5_001758.jpg,760,1128,332,752,Peeking
1059,peeking_ 5_001761.jpg,752,1128,312,724,Peeking
1060,peeking_ 5_001765.jpg,760,1124,312,704,Peeking
1061,peeking_ 5_001768.jpg,760,1128,292,756,Peeking
1062,peeking_ 5_001773.jpg,772,1116,280,668,Peeking
1063,peeking_ 5_001777.jpg,764,1124,288,664,Peeking
1064,peeking_ 5_001779.jpg,768,1112,272,768,Peeking
1065,peeking_ 9_001401.jpg,1167,1413,168,482,Peeking
1066,peeking_ 9_001405.jpg,1173,1400,172,472,Peeking
1067,peeking_ 9_001407.jpg,1157,1407,172,462,Peeking
1068,peeking_ 9_001410.jpg,1167,1403,172,502,Peeking
1069,peeking_ 9_001413.jpg,1150,1403,168,495,Peeking
1070,peeking_ 9_001414.jpg,1153,1407,165,485,Peeking
1071,peeking_ 9_001417.jpg,1157,1403,188,478,Peeking
1072,peeking_ 9_001421.jpg,1163,1407,172,485,Peeking
1073,peeking_ 9_001424.jpg,1137,1400,175,485,Peeking
1074,peeking_ 9_001428.jpg,1160,1407,172,492,Peeking
1075,peeking_ 9_001431.jpg,1180,1407,175,488,Peeking
1076,peeking_ 9_001434.jpg,1150,1410,175,482,Peeking
1077,peeking_ 9_001438.jpg,1140,1413,175,482,Peeking
1078,peeking_ 9_001441.jpg,1167,1407,178,482,Peeking
1079,peeking_ 9_001445.jpg,1180,1410,182,478,Peeking
1080,peeking_ 9_001450.jpg,1153,1407,182,485,Peeking
1081,peeking_ 9_001454.jpg,1157,1417,182,488,Peeking
1082,peeking_ 9_001458.jpg,1157,1403,175,475,Peeking
1083,peeking_ 9_001462.jpg,1163,1413,178,488,Peeking
1084,peeking_ 9_001466.jpg,1150,1397,182,502,Peeking
1085,peeking_ 9_001470.jpg,1177,1413,182,502,Peeking
1086,peeking_ 9_001475.jpg,1150,1423,178,485,Peeking
1087,peeking_ 9_001479.jpg,1153,1410,178,508,Peeking
1088,peeking_ 9_001482.jpg,1150,1413,168,488,Peeking
1089,peeking_ 9_001485.jpg,1167,1407,185,482,Peeking
1090,peeking_ 9_001490.jpg,1180,1410,168,488,Peeking
1091,peeking_ 9_001494.jpg,1173,1410,172,488,Peeking
1092,peeking_ 9_001497.jpg,1137,1407,175,485,Peeking
1093,peeking_ 9_001500.jpg,1157,1407,165,495,Peeking
1094,peeking_ 9_001504.jpg,1150,1410,172,505,Peeking
1095,peeking_ 9_001507.jpg,1197,1410,165,472,Peeking
1096,peeking_ 9_001510.jpg,1173,1407,172,475,Peeking
1097,peeking_ 9_001514.jpg,1183,1403,175,478,Peeking
1098,peeking_ 9_001517.jpg,1170,1410,175,478,Peeking
1099,peeking_ 9_001520.jpg,1160,1417,175,465,Peeking
1100,peeking_ 9_001523.jpg,1140,1410,175,478,Peeking
1101,peeking_ 9_001527.jpg,1170,1407,175,478,Peeking
1102,peeking_ 9_001531.jpg,1153,1413,162,475,Peeking
1103,peeking_ 9_001821.jpg,1113,1553,208,648,Peeking
1104,peeking_ 9_001825.jpg,1130,1543,208,635,Peeking
1105,peeking_ 9_001829.jpg,1147,1543,215,628,Peeking
1106,peeking_ 9_001843.jpg,1170,1530,228,635,Peeking
1107,peeking_ 9_001848.jpg,1163,1523,228,618,Peeking
1108,peeking_ 9_001857.jpg,1140,1523,242,648,Peeking
1109,peeking_ 9_001863.jpg,1160,1493,248,662,Peeking
1110,peeking_ 9_001869.jpg,1157,1483,245,655,Peeking
1111,peeking_ 9_001874.jpg,1140,1483,242,652,Peeking
1112,peeking_ 9_001881.jpg,1140,1460,242,652,Peeking
1113,peeking_ 9_001886.jpg,1133,1470,242,655,Peeking
1114,peeking_ 9_001889.jpg,1130,1457,232,648,Peeking
1115,peeking_ 9_001893.jpg,1130,1450,232,645,Peeking
1116,peeking_ 9_001898.jpg,1123,1443,232,648,Peeking
1117,peeking_ 9_001903.jpg,1130,1443,232,638,Peeking
1118,peeking_ 9_001907.jpg,1120,1423,242,635,Peeking
1119,peeking_ 9_001911.jpg,1100,1410,235,632,Peeking
1120,peeking_ 9_001916.jpg,1120,1420,232,638,Peeking
1121,peeking_ 9_001921.jpg,1123,1420,238,635,Peeking
1122,peeking_ 9_001924.jpg,1117,1407,232,628,Peeking
1123,peeking_ 9_001929.jpg,1107,1407,225,625,Peeking
1124,peeking_ 9_001933.jpg,1130,1403,232,622,Peeking
1125,peeking_ 9_001937.jpg,1127,1410,225,625,Peeking
1126,peeking_ 9_001942.jpg,1130,1413,228,622,Peeking
1127,peeking_ 9_001948.jpg,1123,1410,225,632,Peeking
1128,peeking_ 9_001952.jpg,1110,1413,232,625,Peeking
1129,peeking_ 9_001957.jpg,1137,1410,228,628,Peeking
1130,peeking_ 9_001960.jpg,1077,1433,222,642,Peeking
1131,shoulderslam_1_000165.jpg,693,1087,184,651,shoulderslam
1132,shoulderslam_1_000167.jpg,709,1137,195,635,shoulderslam
1133,shoulderslam_1_000170.jpg,774,1146,197,651,shoulderslam
1134,shoulderslam_1_000172.jpg,809,1176,199,648,shoulderslam
1135,shoulderslam_1_000174.jpg,829,1205,190,635,shoulderslam
1136,shoulderslam_1_000177.jpg,845,1226,188,638,shoulderslam
1137,shoulderslam_1_000179.jpg,897,1267,175,635,shoulderslam
1138,shoulderslam_1_000181.jpg,908,1279,184,629,shoulderslam
1139,shoulderslam_1_000183.jpg,915,1289,177,611,shoulderslam
1140,shoulderslam_1_000185.jpg,918,1300,179,606,shoulderslam
1141,shoulderslam_1_000188.jpg,935,1304,179,604,shoulderslam
1142,shoulderslam_1_000191.jpg,875,1294,179,589,shoulderslam
1143,shoulderslam_1_000193.jpg,865,1268,179,606,shoulderslam
1144,shoulderslam_1_000196.jpg,873,1252,179,611,shoulderslam
1145,shoulderslam_1_000198.jpg,860,1257,180,604,shoulderslam
1146,shoulderslam_1_000200.jpg,850,1239,164,609,shoulderslam
1147,shoulderslam_1_000202.jpg,833,1205,186,581,shoulderslam
1148,shoulderslam_1_000206.jpg,795,1183,182,591,shoulderslam
1149,shoulderslam_1_000209.jpg,765,1137,201,601,shoulderslam
1150,shoulderslam_1_000229.jpg,685,1035,197,626,shoulderslam
1151,shoulderslam_1_000232.jpg,685,1037,219,639,shoulderslam
1152,shoulderslam_1_000235.jpg,695,1044,238,651,shoulderslam
1153,shoulderslam_1_000238.jpg,730,1061,262,651,shoulderslam
1154,shoulderslam_1_000240.jpg,733,1094,260,664,shoulderslam
1155,shoulderslam_1_000242.jpg,753,1113,260,654,shoulderslam
1156,shoulderslam_1_000244.jpg,775,1126,262,654,shoulderslam
1157,shoulderslam_1_000246.jpg,793,1159,253,641,shoulderslam
1158,shoulderslam_1_000248.jpg,828,1202,247,626,shoulderslam
1159,shoulderslam_1_000251.jpg,863,1224,234,634,shoulderslam
1160,shoulderslam_1_000254.jpg,893,1257,240,629,shoulderslam
1161,shoulderslam_1_000256.jpg,895,1268,229,636,shoulderslam
1162,shoulderslam_1_000258.jpg,923,1285,221,614,shoulderslam
1163,shoulderslam_1_000259.jpg,935,1281,236,611,shoulderslam
1164,shoulderslam_1_000261.jpg,918,1304,219,619,shoulderslam
1165,shoulderslam_1_000264.jpg,910,1291,219,611,shoulderslam
1166,shoulderslam_1_000267.jpg,888,1274,219,609,shoulderslam
1167,shoulderslam_1_000269.jpg,888,1255,208,606,shoulderslam
1168,shoulderslam_1_000272.jpg,860,1229,234,596,shoulderslam
1169,shoulderslam_1_000275.jpg,850,1217,230,601,shoulderslam
1170,shoulderslam_1_000277.jpg,838,1192,227,619,shoulderslam
1171,shoulderslam_1_000280.jpg,805,1165,216,611,shoulderslam
1172,shoulderslam_1_000281.jpg,800,1152,242,601,shoulderslam
1173,shoulderslam_1_000284.jpg,760,1131,247,626,shoulderslam
1174,shoulderslam_1_000286.jpg,743,1092,249,636,shoulderslam
1175,shoulderslam_1_000288.jpg,713,1089,275,631,shoulderslam
1176,shoulderslam_1_000290.jpg,708,1068,286,634,shoulderslam
1177,shoulderslam_1_000292.jpg,698,1050,292,629,shoulderslam
1178,shoulderslam_1_000294.jpg,690,1042,288,654,shoulderslam
1179,shoulderslam_1_000296.jpg,678,1063,312,659,shoulderslam
1180,shoulderslam_1_000298.jpg,700,1052,304,656,shoulderslam
1181,shoulderslam_1_000300.jpg,698,1067,314,651,shoulderslam
1182,shoulderslam_1_000302.jpg,723,1092,303,649,shoulderslam
1183,shoulderslam_1_000304.jpg,723,1094,297,656,shoulderslam
1184,shoulderslam_1_000306.jpg,750,1111,284,649,shoulderslam
1185,shoulderslam_1_000308.jpg,775,1124,279,646,shoulderslam
1186,shoulderslam_1_000310.jpg,790,1144,266,669,shoulderslam
1187,shoulderslam_1_000312.jpg,823,1168,238,661,shoulderslam
1188,shoulderslam_1_000314.jpg,838,1204,232,626,shoulderslam
1189,shoulderslam_1_000316.jpg,848,1222,242,621,shoulderslam
1190,shoulderslam_1_000318.jpg,868,1233,236,616,shoulderslam
1191,shoulderslam_1_000320.jpg,888,1237,212,614,shoulderslam
1192,shoulderslam_1_000322.jpg,908,1261,206,629,shoulderslam
1193,shoulderslam_1_000324.jpg,905,1270,212,649,shoulderslam
1194,shoulderslam_1_000326.jpg,894,1281,180,639,shoulderslam
1195,shoulderslam_1_000328.jpg,878,1255,156,641,shoulderslam
1196,shoulderslam_1_000331.jpg,867,1235,201,634,shoulderslam
1197,shoulderslam_1_000333.jpg,854,1238,171,621,shoulderslam
1198,shoulderslam_1_000335.jpg,852,1228,197,629,shoulderslam
1199,shoulderslam_1_000337.jpg,843,1211,217,641,shoulderslam
1200,shoulderslam_1_000339.jpg,815,1204,212,639,shoulderslam
1201,shoulderslam_1_000341.jpg,805,1178,212,629,shoulderslam
1202,shoulderslam_1_000343.jpg,795,1167,190,636,shoulderslam
1203,shoulderslam_1_000345.jpg,780,1141,232,631,shoulderslam
1204,shoulderslam_1_000350.jpg,730,1076,195,619,shoulderslam
1205,shoulderslam_1_000353.jpg,678,1039,229,614,shoulderslam
1206,shoulderslam_1_000355.jpg,673,1011,219,611,shoulderslam
1207,shoulderslam_1_000357.jpg,663,996,229,616,shoulderslam
1208,shoulderslam_1_000360.jpg,635,981,203,611,shoulderslam
1209,shoulderslam_1_000383.jpg,648,1011,232,649,shoulderslam
1210,shoulderslam_1_000386.jpg,660,1031,271,659,shoulderslam
1211,shoulderslam_1_000390.jpg,705,1092,238,666,shoulderslam
1212,shoulderslam_1_000393.jpg,750,1129,234,654,shoulderslam
1213,shoulderslam_1_000396.jpg,800,1176,229,649,shoulderslam
1214,shoulderslam_1_000399.jpg,828,1202,203,627,shoulderslam
1215,shoulderslam_1_000401.jpg,843,1191,182,667,shoulderslam
1216,shoulderslam_1_000403.jpg,848,1218,167,684,shoulderslam
1217,shoulderslam_1_000407.jpg,867,1257,167,636,shoulderslam
1218,shoulderslam_1_000409.jpg,872,1270,167,643,shoulderslam
1219,shoulderslam_1_000416.jpg,841,1265,156,654,shoulderslam
1220,shoulderslam_1_000421.jpg,826,1246,130,658,shoulderslam
1221,shoulderslam_1_000424.jpg,813,1202,138,634,shoulderslam
1222,shoulderslam_1_000429.jpg,768,1168,154,667,shoulderslam
1223,shoulderslam_1_000467.jpg,674,1092,206,649,shoulderslam
1224,shoulderslam_1_000470.jpg,720,1105,175,654,shoulderslam
1225,shoulderslam_1_000473.jpg,759,1159,204,666,shoulderslam
1226,shoulderslam_1_000477.jpg,807,1174,179,632,shoulderslam
1227,shoulderslam_1_000480.jpg,829,1218,169,621,shoulderslam
1228,shoulderslam_1_000482.jpg,854,1211,166,625,shoulderslam
1229,shoulderslam_1_000486.jpg,868,1244,151,621,shoulderslam
1230,shoulderslam_1_000490.jpg,859,1244,156,630,shoulderslam
1231,shoulderslam_1_000498.jpg,805,1205,149,660,shoulderslam
1232,shoulderslam_1_000501.jpg,813,1179,158,649,shoulderslam
1233,shoulderslam_1_000504.jpg,787,1163,142,634,shoulderslam
1234,shoulderslam_1_000507.jpg,770,1155,132,671,shoulderslam
1235,shoulderslam_1_000510.jpg,674,1137,149,725,shoulderslam
1236,shoulderslam_1_000552.jpg,739,1128,149,621,shoulderslam
1237,shoulderslam_1_000554.jpg,767,1128,160,592,shoulderslam
1238,shoulderslam_1_000580.jpg,829,1226,149,610,shoulderslam
1239,shoulderslam_1_000583.jpg,848,1181,140,604,shoulderslam
1240,shoulderslam_1_000586.jpg,809,1161,158,595,shoulderslam
1241,shoulderslam_1_000589.jpg,781,1142,160,612,shoulderslam
1242,shoulderslam_1_000592.jpg,755,1157,156,593,shoulderslam
1243,shoulderslam_1_000641.jpg,789,1141,127,590,shoulderslam
1244,shoulderslam_1_000643.jpg,794,1183,123,573,shoulderslam
1245,shoulderslam_1_000645.jpg,826,1179,127,573,shoulderslam
1246,shoulderslam_1_000648.jpg,852,1213,129,573,shoulderslam
1247,shoulderslam_1_000651.jpg,876,1235,119,580,shoulderslam
1248,shoulderslam_1_000653.jpg,865,1228,134,564,shoulderslam
1249,shoulderslam_1_000656.jpg,883,1241,132,545,shoulderslam
1250,shoulderslam_1_000661.jpg,842,1265,140,588,shoulderslam
1251,shoulderslam_1_000717.jpg,755,1120,132,610,shoulderslam
1252,shoulderslam_1_000720.jpg,778,1155,142,593,shoulderslam
1253,shoulderslam_1_000724.jpg,822,1192,134,575,shoulderslam
1254,shoulderslam_1_000727.jpg,852,1222,132,567,shoulderslam
1255,shoulderslam_1_000730.jpg,867,1241,132,582,shoulderslam
1256,shoulderslam_1_000733.jpg,872,1241,138,569,shoulderslam
1257,shoulderslam_1_000735.jpg,857,1239,108,566,shoulderslam
1258,shoulderslam_1_000737.jpg,835,1217,114,573,shoulderslam
1259,shoulderslam_1_000740.jpg,828,1204,110,588,shoulderslam
1260,shoulderslam_1_000743.jpg,800,1204,129,584,shoulderslam
1261,shoulderslam_1_000746.jpg,796,1187,142,595,shoulderslam
1262,shoulderslam_1_000841.jpg,648,1068,167,1019,shoulderslam
1263,shoulderslam_1_000843.jpg,624,1089,175,1038,shoulderslam
1264,shoulderslam_1_000845.jpg,633,1085,173,1030,shoulderslam
1265,shoulderslam_1_000847.jpg,613,1094,171,1038,shoulderslam
1266,shoulderslam_1_000849.jpg,628,1142,177,1047,shoulderslam
1267,shoulderslam_1_000852.jpg,622,1172,156,1043,shoulderslam
1268,shoulderslam_1_000855.jpg,613,1229,151,1038,shoulderslam
1269,shoulderslam_1_000858.jpg,600,1241,134,1034,shoulderslam
1270,shoulderslam_1_000861.jpg,611,1272,112,1029,shoulderslam
1271,shoulderslam_1_000864.jpg,620,1287,97,1030,shoulderslam
1272,shoulderslam_1_000866.jpg,628,1276,97,1025,shoulderslam
1273,shoulderslam_1_000869.jpg,639,1276,104,1017,shoulderslam
1274,shoulderslam_1_000872.jpg,655,1257,123,1029,shoulderslam
1275,shoulderslam_1_000875.jpg,676,1246,127,1010,shoulderslam
1276,shoulderslam_1_000877.jpg,670,1217,127,1042,shoulderslam
1277,shoulderslam_1_000880.jpg,659,1213,121,1040,shoulderslam
1278,shoulderslam_1_000883.jpg,687,1185,119,1029,shoulderslam
1279,shoulderslam_1_000885.jpg,679,1148,129,1019,shoulderslam
1280,shoulderslam_1_000912.jpg,694,1085,160,1006,shoulderslam
1281,shoulderslam_1_000915.jpg,679,1157,156,1032,shoulderslam
1282,shoulderslam_1_000918.jpg,672,1179,158,1034,shoulderslam
1283,shoulderslam_1_000921.jpg,683,1185,167,1034,shoulderslam
1284,shoulderslam_1_000924.jpg,683,1220,164,1036,shoulderslam
1285,shoulderslam_1_000927.jpg,648,1222,142,1036,shoulderslam
1286,shoulderslam_1_000930.jpg,667,1254,143,1023,shoulderslam
1287,shoulderslam_1_000933.jpg,642,1255,138,1040,shoulderslam
1288,shoulderslam_1_000936.jpg,683,1265,117,1021,shoulderslam
1289,shoulderslam_1_000939.jpg,657,1252,153,1062,shoulderslam
1290,shoulderslam_1_000942.jpg,683,1235,167,1051,shoulderslam
1291,shoulderslam_1_000945.jpg,689,1224,180,1047,shoulderslam
1292,shoulderslam_1_000948.jpg,696,1187,188,1030,shoulderslam
1293,shoulderslam_1_000989.jpg,661,1054,145,1051,shoulderslam
1294,shoulderslam_1_000992.jpg,679,1070,156,1042,shoulderslam
1295,shoulderslam_1_000995.jpg,659,1117,136,1053,shoulderslam
1296,shoulderslam_1_000998.jpg,650,1178,153,1064,shoulderslam
1297,shoulderslam_1_001001.jpg,672,1194,151,1058,shoulderslam
1298,shoulderslam_1_001004.jpg,667,1213,180,1058,shoulderslam
1299,shoulderslam_1_001007.jpg,657,1233,136,1062,shoulderslam
1300,shoulderslam_1_001010.jpg,646,1239,127,1053,shoulderslam
1301,shoulderslam_1_001013.jpg,652,1272,132,1051,shoulderslam
1302,shoulderslam_1_001016.jpg,628,1289,125,1058,shoulderslam
1303,shoulderslam_1_001019.jpg,670,1285,121,1056,shoulderslam
1304,shoulderslam_1_001022.jpg,670,1242,129,1067,shoulderslam
1305,shoulderslam_1_001025.jpg,683,1235,116,1062,shoulderslam
1306,shoulderslam_1_001029.jpg,618,1192,145,1054,shoulderslam
1307,shoulderslam_1_001068.jpg,578,1039,173,1006,shoulderslam
1308,shoulderslam_1_001071.jpg,602,1087,167,1032,shoulderslam
1309,shoulderslam_1_001074.jpg,594,1129,180,1032,shoulderslam
1310,shoulderslam_1_001076.jpg,604,1120,184,1010,shoulderslam
1311,shoulderslam_1_001079.jpg,578,1157,193,1019,shoulderslam
1312,shoulderslam_1_001082.jpg,576,1209,173,1016,shoulderslam
1313,shoulderslam_1_001085.jpg,528,1231,171,1023,shoulderslam
1314,shoulderslam_1_001089.jpg,561,1235,156,1010,shoulderslam
1315,shoulderslam_1_001090.jpg,568,1237,169,1021,shoulderslam
1316,shoulderslam_1_001102.jpg,674,1207,169,1016,shoulderslam
1317,shoulderslam_1_001105.jpg,646,1196,177,1017,shoulderslam
1318,shoulderslam_1_001108.jpg,657,1159,173,1019,shoulderslam
1319,shoulderslam_1_001111.jpg,629,1154,171,1027,shoulderslam
1320,shoulderslam_1_001114.jpg,615,1133,151,1012,shoulderslam
1321,shoulderslam_1_001117.jpg,591,1098,132,1016,shoulderslam
1322,shoulderslam_1_001120.jpg,596,1096,129,993,shoulderslam
1323,shoulderslam_1_001123.jpg,589,1055,134,1010,shoulderslam
1324,shoulderslam_1_001125.jpg,583,1065,151,1021,shoulderslam
1325,shoulderslam_1_001128.jpg,604,1041,147,1008,shoulderslam
1326,shoulderslam_1_001149.jpg,596,1035,173,1021,shoulderslam
1327,shoulderslam_1_001152.jpg,589,1089,197,1016,shoulderslam
1328,shoulderslam_1_001155.jpg,605,1113,171,1021,shoulderslam
1329,shoulderslam_1_001158.jpg,600,1142,180,1016,shoulderslam
1330,shoulderslam_1_001164.jpg,609,1222,149,1003,shoulderslam
1331,shoulderslam_1_001168.jpg,604,1235,134,993,shoulderslam
1332,shoulderslam_1_001172.jpg,657,1231,138,993,shoulderslam
1333,shoulderslam_1_001183.jpg,696,1202,110,1004,shoulderslam
1334,shoulderslam_1_001219.jpg,615,1070,156,995,shoulderslam
1335,shoulderslam_1_001222.jpg,628,1092,162,1016,shoulderslam
1336,shoulderslam_1_001225.jpg,598,1133,167,986,shoulderslam
1337,shoulderslam_1_001228.jpg,591,1159,162,979,shoulderslam
1338,shoulderslam_1_001231.jpg,585,1198,145,956,shoulderslam
1339,shoulderslam_1_001234.jpg,587,1217,136,980,shoulderslam
1340,shoulderslam_1_001237.jpg,594,1239,134,977,shoulderslam
1341,shoulderslam_1_001241.jpg,581,1257,129,949,shoulderslam
1342,shoulderslam_1_001253.jpg,604,1252,108,958,shoulderslam
1343,shoulderslam_1_001260.jpg,628,1198,103,992,shoulderslam
1344,shoulderslam_1_001266.jpg,635,1133,103,977,shoulderslam
1345,shoulderslam_1_001267.jpg,626,1129,97,988,shoulderslam
1346,shoulderslam_1_001271.jpg,617,1078,119,986,shoulderslam
1347,shoulderslam_1_001274.jpg,617,1057,108,975,shoulderslam
1348,shoulderslam_1_001298.jpg,622,1050,123,977,shoulderslam
1349,shoulderslam_1_001303.jpg,618,1128,129,982,shoulderslam
1350,shoulderslam_1_001307.jpg,628,1176,80,990,shoulderslam
1351,shoulderslam_1_001311.jpg,611,1241,80,971,shoulderslam
1352,shoulderslam_1_001316.jpg,646,1254,64,954,shoulderslam
1353,shoulderslam_1_001322.jpg,618,1278,71,984,shoulderslam
1354,shoulderslam_1_001328.jpg,668,1229,82,982,shoulderslam
1355,shoulderslam_1_001334.jpg,652,1200,67,979,shoulderslam
1356,shoulderslam_1_001339.jpg,663,1144,60,988,shoulderslam
1357,shoulderslam_1_001343.jpg,650,1102,69,966,shoulderslam
1358,shoulderslam_1_001401.jpg,644,1104,101,980,shoulderslam
1359,shoulderslam_1_001403.jpg,637,1142,108,969,shoulderslam
1360,shoulderslam_1_001406.jpg,617,1157,93,982,shoulderslam
1361,shoulderslam_1_001409.jpg,615,1192,75,988,shoulderslam
1362,shoulderslam_1_001412.jpg,626,1215,71,984,shoulderslam
1363,shoulderslam_1_001416.jpg,620,1235,75,980,shoulderslam
1364,shoulderslam_1_001420.jpg,639,1231,58,977,shoulderslam
1365,shoulderslam_1_001424.jpg,678,1263,40,990,shoulderslam
1366,shoulderslam_1_001426.jpg,683,1224,79,980,shoulderslam
1367,shoulderslam_1_001428.jpg,665,1237,67,997,shoulderslam
1368,shoulderslam_1_001429.jpg,704,1241,64,977,shoulderslam
1369,shoulderslam_1_001432.jpg,709,1246,56,973,shoulderslam
1370,shoulderslam_1_001436.jpg,744,1213,58,988,shoulderslam
1371,shoulderslam_1_001503.jpg,674,1044,130,634,shoulderslam
1372,shoulderslam_1_001506.jpg,696,1100,140,636,shoulderslam
1373,shoulderslam_1_001509.jpg,752,1124,134,640,shoulderslam
1374,shoulderslam_1_001512.jpg,798,1167,121,597,shoulderslam
1375,shoulderslam_1_001515.jpg,817,1194,134,597,shoulderslam
1376,shoulderslam_1_001518.jpg,842,1209,101,588,shoulderslam
1377,shoulderslam_1_001521.jpg,870,1229,127,571,shoulderslam
1378,shoulderslam_1_001535.jpg,811,1213,112,588,shoulderslam
1379,shoulderslam_1_001575.jpg,715,1155,199,629,shoulderslam
1380,shoulderslam_1_001579.jpg,781,1187,166,604,shoulderslam
1381,shoulderslam_1_001583.jpg,820,1229,184,606,shoulderslam
1382,shoulderslam_1_001588.jpg,874,1254,156,617,shoulderslam
1383,shoulderslam_1_001592.jpg,850,1250,132,584,shoulderslam
1384,shoulderslam_1_001594.jpg,846,1239,136,658,shoulderslam
1385,shoulderslam_1_001596.jpg,833,1224,149,630,shoulderslam
1386,shoulderslam_1_001598.jpg,828,1211,154,647,shoulderslam
1387,shoulderslam_1_001599.jpg,807,1233,138,619,shoulderslam
1388,shoulderslam_1_001601.jpg,809,1222,167,629,shoulderslam
1389,shoulderslam_1_001604.jpg,804,1224,154,649,shoulderslam
1390,shoulderslam_1_001606.jpg,785,1189,149,625,shoulderslam
1391,shoulderslam_1_001608.jpg,761,1174,140,630,shoulderslam
1392,shoulderslam_1_001610.jpg,754,1176,154,627,shoulderslam
1393,shoulderslam_1_001612.jpg,728,1154,153,636,shoulderslam
1394,shoulderslam_1_001613.jpg,733,1154,158,638,shoulderslam
1395,shoulderslam_1_001615.jpg,704,1124,177,645,shoulderslam
1396,shoulderslam_1_001617.jpg,679,1102,171,662,shoulderslam
1397,shoulderslam_1_001619.jpg,670,1089,208,671,shoulderslam
1398,shoulderslam_1_001620.jpg,659,1074,227,688,shoulderslam
1399,shoulderslam_1_001622.jpg,665,1046,227,680,shoulderslam
1400,shoulderslam_1_001625.jpg,611,1079,242,693,shoulderslam
1401,shoulderslam_1_001627.jpg,639,1054,242,673,shoulderslam
1402,shoulderslam_1_001629.jpg,626,1079,269,682,shoulderslam
1403,shoulderslam_1_001631.jpg,650,1085,256,695,shoulderslam
1404,shoulderslam_1_001633.jpg,659,1096,264,669,shoulderslam
1405,shoulderslam_1_001635.jpg,696,1094,266,686,shoulderslam
1406,shoulderslam_1_001637.jpg,685,1124,251,706,shoulderslam
1407,shoulderslam_1_001639.jpg,707,1152,284,704,shoulderslam
1408,shoulderslam_1_001642.jpg,742,1179,290,693,shoulderslam
1409,shoulderslam_1_001644.jpg,800,1191,271,684,shoulderslam
1410,shoulderslam_1_001646.jpg,804,1213,288,671,shoulderslam
1411,shoulderslam_1_001648.jpg,822,1242,280,649,shoulderslam
1412,shoulderslam_1_001650.jpg,831,1246,277,675,shoulderslam
1413,shoulderslam_1_001652.jpg,852,1270,271,653,shoulderslam
1414,shoulderslam_1_001654.jpg,852,1272,253,682,shoulderslam
1415,shoulderslam_1_001660.jpg,833,1242,249,654,shoulderslam
1416,shoulderslam_1_001663.jpg,822,1215,267,692,shoulderslam
1417,shoulderslam_1_001665.jpg,822,1217,253,680,shoulderslam
1418,shoulderslam_1_001667.jpg,811,1189,260,673,shoulderslam
1419,shoulderslam_1_001669.jpg,779,1187,245,675,shoulderslam
1420,shoulderslam_1_001671.jpg,787,1167,269,682,shoulderslam
1421,shoulderslam_1_001673.jpg,767,1148,242,684,shoulderslam
1422,shoulderslam_1_001676.jpg,752,1120,279,638,shoulderslam
1423,shoulderslam_1_001682.jpg,691,1059,271,643,shoulderslam
1424,shoulderslam_1_001686.jpg,679,1063,293,656,shoulderslam
1425,shoulderslam_1_001689.jpg,709,1074,295,632,shoulderslam
1426,shoulderslam_1_001692.jpg,718,1081,312,634,shoulderslam
1427,shoulderslam_1_001700.jpg,754,1129,317,669,shoulderslam
1428,shoulderslam_1_001704.jpg,798,1178,303,656,shoulderslam
1429,shoulderslam_1_001707.jpg,855,1218,292,640,shoulderslam
1430,shoulderslam_1_001714.jpg,920,1279,221,649,shoulderslam
1431,shoulderslam_1_001721.jpg,905,1278,195,632,shoulderslam
1432,shoulderslam_2_000070.jpg,847,1187,272,658,shoulderslam
1433,shoulderslam_2_000072.jpg,853,1183,268,678,shoulderslam
1434,shoulderslam_2_000074.jpg,867,1183,262,665,shoulderslam
1435,shoulderslam_2_000076.jpg,887,1217,272,675,shoulderslam
1436,shoulderslam_2_000078.jpg,887,1230,275,675,shoulderslam
1437,shoulderslam_2_000080.jpg,897,1233,262,662,shoulderslam
1438,shoulderslam_2_000082.jpg,907,1240,265,665,shoulderslam
1439,shoulderslam_2_000084.jpg,907,1260,272,672,shoulderslam
1440,shoulderslam_2_000086.jpg,940,1267,275,678,shoulderslam
1441,shoulderslam_2_000087.jpg,927,1273,282,675,shoulderslam
1442,shoulderslam_2_000089.jpg,943,1280,278,665,shoulderslam
1443,shoulderslam_2_000092.jpg,937,1277,272,668,shoulderslam
1444,shoulderslam_2_000095.jpg,927,1287,272,675,shoulderslam
1445,shoulderslam_2_000099.jpg,907,1267,268,648,shoulderslam
1446,shoulderslam_2_000101.jpg,923,1273,262,662,shoulderslam
1447,shoulderslam_2_000104.jpg,913,1240,262,655,shoulderslam
1448,shoulderslam_2_000149.jpg,807,1197,282,675,shoulderslam
1449,shoulderslam_2_000151.jpg,833,1210,272,685,shoulderslam
1450,shoulderslam_2_000153.jpg,873,1220,278,662,shoulderslam
1451,shoulderslam_2_000156.jpg,863,1247,278,682,shoulderslam
1452,shoulderslam_2_000158.jpg,880,1247,285,672,shoulderslam
1453,shoulderslam_2_000160.jpg,887,1270,275,682,shoulderslam
1454,shoulderslam_2_000162.jpg,910,1283,275,685,shoulderslam
1455,shoulderslam_2_000164.jpg,907,1277,275,668,shoulderslam
1456,shoulderslam_2_000166.jpg,923,1273,278,678,shoulderslam
1457,shoulderslam_2_000168.jpg,927,1287,285,655,shoulderslam
1458,shoulderslam_2_000171.jpg,937,1293,292,648,shoulderslam
1459,shoulderslam_2_000174.jpg,937,1307,282,645,shoulderslam
1460,shoulderslam_2_000177.jpg,953,1287,272,665,shoulderslam
1461,shoulderslam_2_000180.jpg,933,1290,272,658,shoulderslam
1462,shoulderslam_2_000183.jpg,920,1280,265,658,shoulderslam
1463,shoulderslam_2_000186.jpg,940,1263,258,655,shoulderslam
1464,shoulderslam_2_000188.jpg,893,1253,245,645,shoulderslam
1465,shoulderslam_2_000190.jpg,920,1230,238,635,shoulderslam
1466,shoulderslam_2_000192.jpg,913,1227,232,638,shoulderslam
1467,shoulderslam_2_000229.jpg,820,1210,252,672,shoulderslam
1468,shoulderslam_2_000232.jpg,847,1220,268,665,shoulderslam
1469,shoulderslam_2_000235.jpg,840,1233,272,655,shoulderslam
1470,shoulderslam_2_000238.jpg,890,1250,275,668,shoulderslam
1471,shoulderslam_2_000240.jpg,883,1267,275,635,shoulderslam
1472,shoulderslam_2_000242.jpg,893,1270,278,635,shoulderslam
1473,shoulderslam_2_000245.jpg,923,1280,275,628,shoulderslam
1474,shoulderslam_2_000248.jpg,937,1287,268,632,shoulderslam
1475,shoulderslam_2_000251.jpg,960,1287,292,642,shoulderslam
1476,shoulderslam_2_000256.jpg,940,1297,282,645,shoulderslam
1477,shoulderslam_2_000259.jpg,947,1280,275,638,shoulderslam
1478,shoulderslam_2_000263.jpg,927,1240,278,642,shoulderslam
1479,shoulderslam_2_000267.jpg,910,1217,265,642,shoulderslam
1480,shoulderslam_2_000269.jpg,897,1217,262,632,shoulderslam
1481,shoulderslam_2_000271.jpg,863,1200,242,628,shoulderslam
1482,shoulderslam_2_000273.jpg,860,1190,238,645,shoulderslam
1483,shoulderslam_2_000307.jpg,820,1140,272,628,shoulderslam
1484,shoulderslam_2_000309.jpg,837,1160,282,632,shoulderslam
1485,shoulderslam_2_000311.jpg,860,1173,268,645,shoulderslam
1486,shoulderslam_2_000313.jpg,877,1200,275,638,shoulderslam
1487,shoulderslam_2_000315.jpg,887,1210,268,628,shoulderslam
1488,shoulderslam_2_000317.jpg,903,1230,258,642,shoulderslam
1489,shoulderslam_2_000319.jpg,907,1247,252,622,shoulderslam
1490,shoulderslam_2_000320.jpg,920,1240,255,608,shoulderslam
1491,shoulderslam_2_000322.jpg,930,1260,242,612,shoulderslam
1492,shoulderslam_2_000324.jpg,930,1263,232,588,shoulderslam
1493,shoulderslam_2_000326.jpg,927,1273,222,585,shoulderslam
1494,shoulderslam_2_000328.jpg,940,1270,218,618,shoulderslam
1495,shoulderslam_2_000329.jpg,940,1273,212,602,shoulderslam
1496,shoulderslam_2_000331.jpg,930,1287,208,588,shoulderslam
1497,shoulderslam_2_000333.jpg,930,1280,202,618,shoulderslam
1498,shoulderslam_2_000336.jpg,927,1263,192,605,shoulderslam
1499,shoulderslam_2_000339.jpg,910,1260,205,605,shoulderslam
1500,shoulderslam_2_000342.jpg,900,1243,198,615,shoulderslam
1501,shoulderslam_2_000343.jpg,903,1237,195,605,shoulderslam
1502,shoulderslam_2_000345.jpg,893,1233,198,612,shoulderslam
1503,shoulderslam_2_000347.jpg,867,1240,198,615,shoulderslam
1504,shoulderslam_2_000349.jpg,843,1197,195,605,shoulderslam
1505,shoulderslam_2_000351.jpg,837,1187,188,605,shoulderslam
1506,shoulderslam_2_000396.jpg,837,1223,202,605,shoulderslam
1507,shoulderslam_2_000398.jpg,863,1203,208,615,shoulderslam
1508,shoulderslam_2_000401.jpg,880,1230,205,598,shoulderslam
1509,shoulderslam_2_000403.jpg,873,1257,212,658,shoulderslam
1510,shoulderslam_2_000405.jpg,903,1253,215,598,shoulderslam
1511,shoulderslam_2_000407.jpg,900,1263,215,605,shoulderslam
1512,shoulderslam_2_000409.jpg,913,1277,218,598,shoulderslam
1513,shoulderslam_2_000412.jpg,917,1290,218,612,shoulderslam
1514,shoulderslam_2_000414.jpg,920,1293,222,598,shoulderslam
1515,shoulderslam_2_000416.jpg,923,1293,232,585,shoulderslam
1516,shoulderslam_2_000417.jpg,923,1293,222,595,shoulderslam
1517,shoulderslam_2_000419.jpg,907,1277,212,588,shoulderslam
1518,shoulderslam_2_000421.jpg,903,1273,218,632,shoulderslam
1519,shoulderslam_2_000423.jpg,897,1260,218,605,shoulderslam
1520,shoulderslam_2_000425.jpg,890,1283,215,605,shoulderslam
1521,shoulderslam_2_000428.jpg,897,1250,208,598,shoulderslam
1522,shoulderslam_2_000430.jpg,890,1250,208,625,shoulderslam
1523,shoulderslam_2_000432.jpg,867,1247,208,595,shoulderslam
1524,shoulderslam_2_000434.jpg,863,1243,205,605,shoulderslam
1525,shoulderslam_2_000436.jpg,860,1230,202,608,shoulderslam
1526,shoulderslam_2_000438.jpg,853,1213,195,618,shoulderslam
1527,shoulderslam_2_000478.jpg,823,1173,188,578,shoulderslam
1528,shoulderslam_2_000480.jpg,837,1190,195,602,shoulderslam
1529,shoulderslam_2_000482.jpg,850,1200,188,598,shoulderslam
1530,shoulderslam_2_000485.jpg,883,1217,192,575,shoulderslam
1531,shoulderslam_2_000487.jpg,887,1233,192,595,shoulderslam
1532,shoulderslam_2_000489.jpg,897,1250,198,605,shoulderslam
1533,shoulderslam_2_000492.jpg,893,1260,205,615,shoulderslam
1534,shoulderslam_2_000495.jpg,910,1260,212,608,shoulderslam
1535,shoulderslam_2_000497.jpg,910,1280,218,592,shoulderslam
1536,shoulderslam_2_000500.jpg,910,1267,212,605,shoulderslam
1537,shoulderslam_2_000502.jpg,903,1280,212,595,shoulderslam
1538,shoulderslam_2_000504.jpg,900,1250,205,605,shoulderslam
1539,shoulderslam_2_000507.jpg,900,1263,212,612,shoulderslam
1540,shoulderslam_2_000510.jpg,873,1230,208,622,shoulderslam
1541,shoulderslam_2_000513.jpg,870,1227,208,618,shoulderslam
1542,shoulderslam_2_000515.jpg,857,1220,202,608,shoulderslam
1543,shoulderslam_2_000518.jpg,847,1203,212,602,shoulderslam
1544,shoulderslam_2_000519.jpg,837,1183,202,585,shoulderslam
1545,shoulderslam_2_000559.jpg,827,1177,218,582,shoulderslam
1546,shoulderslam_2_000561.jpg,833,1193,205,588,shoulderslam
1547,shoulderslam_2_000563.jpg,847,1207,225,612,shoulderslam
1548,shoulderslam_2_000565.jpg,867,1223,225,618,shoulderslam
1549,shoulderslam_2_000567.jpg,883,1243,232,605,shoulderslam
1550,shoulderslam_2_000569.jpg,887,1257,242,602,shoulderslam
1551,shoulderslam_2_000570.jpg,897,1270,235,605,shoulderslam
1552,shoulderslam_2_000572.jpg,903,1273,242,625,shoulderslam
1553,shoulderslam_2_000574.jpg,917,1290,248,618,shoulderslam
1554,shoulderslam_2_000576.jpg,917,1280,248,602,shoulderslam
1555,shoulderslam_2_000578.jpg,930,1297,252,618,shoulderslam
1556,shoulderslam_2_000580.jpg,923,1280,245,638,shoulderslam
1557,shoulderslam_2_000582.jpg,920,1283,248,648,shoulderslam
1558,shoulderslam_2_000584.jpg,910,1270,255,618,shoulderslam
1559,shoulderslam_2_000586.jpg,907,1270,248,608,shoulderslam
1560,shoulderslam_2_000588.jpg,913,1247,242,652,shoulderslam
1561,shoulderslam_2_000590.jpg,907,1247,248,622,shoulderslam
1562,shoulderslam_2_000592.jpg,897,1243,252,645,shoulderslam
1563,shoulderslam_2_000594.jpg,887,1237,245,648,shoulderslam
1564,shoulderslam_2_000596.jpg,873,1220,242,655,shoulderslam
1565,shoulderslam_2_000598.jpg,867,1207,248,635,shoulderslam
1566,shoulderslam_2_000601.jpg,847,1187,232,625,shoulderslam
1567,shoulderslam_2_000603.jpg,847,1183,235,655,shoulderslam
1568,shoulderslam_2_000605.jpg,833,1167,242,625,shoulderslam
1569,shoulderslam_2_000630.jpg,807,1137,252,635,shoulderslam
1570,shoulderslam_2_000632.jpg,820,1167,255,638,shoulderslam
1571,shoulderslam_2_000634.jpg,840,1180,262,638,shoulderslam
1572,shoulderslam_2_000636.jpg,853,1183,245,635,shoulderslam
1573,shoulderslam_2_000638.jpg,863,1203,242,615,shoulderslam
1574,shoulderslam_2_000641.jpg,867,1223,255,652,shoulderslam
1575,shoulderslam_2_000643.jpg,883,1220,248,638,shoulderslam
1576,shoulderslam_2_000645.jpg,883,1223,252,655,shoulderslam
1577,shoulderslam_2_000647.jpg,893,1233,238,645,shoulderslam
1578,shoulderslam_2_000650.jpg,897,1247,252,632,shoulderslam
1579,shoulderslam_2_000652.jpg,913,1233,258,645,shoulderslam
1580,shoulderslam_2_000653.jpg,903,1250,268,608,shoulderslam
1581,shoulderslam_2_000655.jpg,913,1243,265,625,shoulderslam
1582,shoulderslam_2_000981.jpg,753,1200,218,925,shoulderslam
1583,shoulderslam_2_000983.jpg,757,1207,228,938,shoulderslam
1584,shoulderslam_2_000985.jpg,760,1213,225,952,shoulderslam
1585,shoulderslam_2_000988.jpg,780,1197,228,945,shoulderslam
1586,shoulderslam_2_000990.jpg,790,1210,212,948,shoulderslam
1587,shoulderslam_2_000992.jpg,773,1210,228,955,shoulderslam
1588,shoulderslam_2_000995.jpg,800,1200,222,942,shoulderslam
1589,shoulderslam_2_000997.jpg,797,1183,218,945,shoulderslam
1590,shoulderslam_2_000999.jpg,800,1200,222,942,shoulderslam
1591,shoulderslam_2_001002.jpg,783,1170,212,942,shoulderslam
1592,shoulderslam_2_001004.jpg,770,1167,212,942,shoulderslam
1593,shoulderslam_2_001006.jpg,763,1170,212,955,shoulderslam
1594,shoulderslam_2_001008.jpg,750,1160,208,942,shoulderslam
1595,shoulderslam_2_001057.jpg,740,1167,198,922,shoulderslam
1596,shoulderslam_2_001059.jpg,737,1170,188,935,shoulderslam
1597,shoulderslam_2_001061.jpg,750,1180,198,932,shoulderslam
1598,shoulderslam_2_001063.jpg,757,1197,208,925,shoulderslam
1599,shoulderslam_2_001066.jpg,753,1200,222,922,shoulderslam
1600,shoulderslam_2_001068.jpg,750,1187,208,938,shoulderslam
1601,shoulderslam_2_001070.jpg,760,1210,205,938,shoulderslam
1602,shoulderslam_2_001072.jpg,757,1200,212,942,shoulderslam
1603,shoulderslam_2_001074.jpg,770,1190,212,942,shoulderslam
1604,shoulderslam_2_001077.jpg,760,1170,205,915,shoulderslam
1605,shoulderslam_2_001079.jpg,770,1187,218,945,shoulderslam
1606,shoulderslam_2_001081.jpg,757,1160,198,948,shoulderslam
1607,shoulderslam_2_001083.jpg,743,1163,195,925,shoulderslam
1608,shoulderslam_2_001085.jpg,723,1153,202,942,shoulderslam
1609,shoulderslam_2_001087.jpg,733,1160,198,938,shoulderslam
1610,shoulderslam_2_001148.jpg,710,1157,195,918,shoulderslam
1611,shoulderslam_2_001150.jpg,707,1173,212,918,shoulderslam
1612,shoulderslam_2_001152.jpg,717,1160,185,922,shoulderslam
1613,shoulderslam_2_001154.jpg,723,1167,195,918,shoulderslam
1614,shoulderslam_2_001156.jpg,723,1203,205,918,shoulderslam
1615,shoulderslam_2_001158.jpg,723,1197,195,908,shoulderslam
1616,shoulderslam_2_001161.jpg,707,1197,202,928,shoulderslam
1617,shoulderslam_2_001164.jpg,707,1200,198,925,shoulderslam
1618,shoulderslam_2_001167.jpg,710,1193,195,928,shoulderslam
1619,shoulderslam_2_001170.jpg,713,1190,195,902,shoulderslam
1620,shoulderslam_2_001173.jpg,720,1177,192,902,shoulderslam
1621,shoulderslam_2_001176.jpg,727,1160,185,918,shoulderslam
1622,shoulderslam_2_001179.jpg,717,1163,192,915,shoulderslam
1623,shoulderslam_2_001182.jpg,713,1173,178,915,shoulderslam
1624,shoulderslam_2_001185.jpg,703,1140,178,938,shoulderslam
1625,shoulderslam_2_001188.jpg,710,1140,192,915,shoulderslam
1626,shoulderslam_2_001256.jpg,700,1160,182,908,shoulderslam
1627,shoulderslam_2_001259.jpg,713,1177,172,902,shoulderslam
1628,shoulderslam_2_001262.jpg,710,1210,192,915,shoulderslam
1629,shoulderslam_2_001264.jpg,723,1213,195,922,shoulderslam
1630,shoulderslam_2_001267.jpg,703,1223,182,915,shoulderslam
1631,shoulderslam_2_001270.jpg,720,1230,178,922,shoulderslam
1632,shoulderslam_2_001274.jpg,733,1207,172,905,shoulderslam
1633,shoulderslam_2_001276.jpg,737,1177,172,905,shoulderslam
1634,shoulderslam_2_001279.jpg,743,1180,175,902,shoulderslam
1635,shoulderslam_2_001282.jpg,730,1173,178,912,shoulderslam
1636,shoulderslam_2_001285.jpg,727,1173,172,898,shoulderslam
